total_value,asset_value,funds,return,win_rate,risk_tolerance,trades,positions,date
10002,4818,5184,1.0,0.75,0.5,0,3,2022-02-04
10038,6656,3382,1.0,0.6667,0.5,0,6,2022-02-07
9999,7159,2840,1.0,0.625,0.5,0,8,2022-02-08
10126,7524,2602,1.0,0.6,0.5,0,9,2022-02-09
10038,7643,2395,1.0,0.5833,0.5,0,10,2022-02-10
10113,7866,2247,1.0,0.5714,0.5,0,11,2022-02-11
9948,8054,1894,1.0,0.5625,0.5,0,13,2022-02-14
9975,8317,1659,1.0,0.5556,0.5,0,15,2022-02-15
9970,8451,1519,1.0,0.55,0.5,0,16,2022-02-16
9929,8567,1362,1.0,0.5455,0.5,0,18,2022-02-17
9801,8232,1569,0.9445,0.5,0.4994,1,19,2022-02-18
9790,8417,1372,1.0,0.5,0.4989,1,21,2022-02-22
9740,6999,2741,0.9565,0.4643,0.4979,4,21,2022-02-23
9519,7210,2309,1.0,0.426,0.4969,4,24,2022-02-24
9753,7738,2015,1.0,0.4207,0.4959,4,26,2022-02-25
9818,8172,1646,1.0,0.4151,0.4949,4,29,2022-02-28
9925,8462,1463,1.0,0.409,0.4939,4,31,2022-03-01
9919,8548,1371,1.0,0.4025,0.4929,4,32,2022-03-02
10035,8664,1371,1.0,0.3955,0.4919,4,32,2022-03-03
9949,8578,1371,1.0,0.3881,0.4909,4,32,2022-03-04
10004,8359,1645,0.8655,0.3524,0.4891,6,30,2022-03-07
9942,8297,1645,1.0,0.3418,0.4873,6,30,2022-03-08
9901,8256,1645,1.0,0.3305,0.486,6,30,2022-03-09
9814,8032,1782,0.9353,0.2948,0.484,7,29,2022-03-10
9849,8067,1782,1.0,0.3159,0.482,7,29,2022-03-11
9684,7902,1782,1.0,0.3027,0.4799,7,29,2022-03-14
9528,7746,1782,1.0,0.3243,0.4779,7,29,2022-03-15
9689,7907,1782,1.0,0.3143,0.4759,7,29,2022-03-16
9746,8019,1727,1.0,0.3064,0.4739,7,30,2022-03-17
9916,8189,1727,1.0,0.2982,0.4719,7,30,2022-03-18
10073,8417,1656,1.0,0.2899,0.4712,7,31,2022-03-21
10069,8414,1656,1.0,0.2813,0.4706,7,31,2022-03-22
10111,8510,1601,1.0,0.2727,0.4699,7,32,2022-03-23
10054,8511,1543,1.0,0.2639,0.4699,7,33,2022-03-24
10096,8553,1543,1.0,0.2828,0.4699,7,33,2022-03-25
10093,8550,1543,1.0,0.2778,0.4699,7,33,2022-03-28
10124,8580,1543,1.0,0.2732,0.4699,7,33,2022-03-29
10272,8728,1543,1.0,0.2927,0.4699,7,33,2022-03-30
10254,8711,1543,1.0,0.2926,0.4699,7,33,2022-03-31
10164,8620,1543,1.0,0.2909,0.4699,7,33,2022-04-01
10267,8761,1506,1.0,0.2901,0.4699,7,34,2022-04-04
10275,8815,1460,1.0,0.2876,0.4699,7,35,2022-04-05
10131,8791,1340,1.0,0.2857,0.4699,7,37,2022-04-06
10141,8832,1309,1.0,0.2842,0.4699,7,38,2022-04-07
10214,8906,1309,1.0,0.2832,0.4699,7,38,2022-04-08
10202,8894,1309,1.0,0.2828,0.4699,7,38,2022-04-11
10194,8886,1309,1.0,0.2829,0.4699,7,38,2022-04-12
10139,8830,1309,1.0,0.2836,0.4699,7,38,2022-04-13
10240,8776,1465,0.9632,0.2648,0.4696,8,37,2022-04-14
10236,8771,1465,1.0,0.2635,0.4692,8,37,2022-04-18
10194,8788,1405,1.0,0.2624,0.4688,8,38,2022-04-19
10371,8966,1405,1.0,0.2617,0.4685,8,38,2022-04-20
10303,8948,1355,1.0,0.2595,0.4681,8,39,2022-04-21
9969,8470,1499,0.983,0.2386,0.4676,9,38,2022-04-22
9720,8221,1499,1.0,0.2348,0.467,9,38,2022-04-25
9754,6793,2961,0.9404,0.2141,0.4659,10,38,2022-04-26
9723,6829,2894,1.0,0.2088,0.4647,10,39,2022-04-27
9765,6940,2825,1.0,0.2034,0.4636,10,40,2022-04-28
9694,5572,4122,0.8517,0.1831,0.4613,11,39,2022-04-29
9483,5450,4033,1.0,0.1759,0.4591,11,40,2022-05-02
9556,5493,4063,0.7831,0.1557,0.4545,12,39,2022-05-03
9719,5740,3979,1.0,0.1466,0.45,12,40,2022-05-04
9856,5877,3979,1.0,0.1571,0.4455,12,40,2022-05-05
9693,5793,3900,1.0,0.1494,0.4412,12,41,2022-05-06
9604,5430,4174,0.809,0.1306,0.4348,15,40,2022-05-09
9486,5285,4200,0.7694,0.1118,0.4266,16,40,2022-05-10
9444,5335,4109,1.0,0.1011,0.4184,16,42,2022-05-11
9361,5104,4257,0.7341,0.1011,0.4073,18,41,2022-05-12
9463,5206,4257,1.0,0.0913,0.3978,18,41,2022-05-13
9535,5315,4220,1.0,0.0978,0.3883,18,42,2022-05-16
9667,5491,4176,1.0,0.0895,0.3812,18,43,2022-05-17
9707,5531,4176,1.0,0.081,0.3741,18,43,2022-05-18
9436,5260,4176,1.0,0.0868,0.367,18,43,2022-05-19
9526,5350,4176,1.0,0.0799,0.3598,18,43,2022-05-20
9537,5396,4141,1.0,0.0856,0.3547,18,44,2022-05-23
9570,5464,4106,1.0,0.0806,0.352,18,45,2022-05-24
9603,5497,4106,1.0,0.0759,0.3493,18,45,2022-05-25
9775,5669,4106,1.0,0.0701,0.3493,18,45,2022-05-26
9856,5750,4106,1.0,0.0751,0.3493,18,45,2022-05-27
9970,5865,4106,1.0,0.0805,0.3493,18,45,2022-05-31
9923,5817,4106,1.0,0.0782,0.3493,18,45,2022-06-01
9887,5646,4241,1.002,0.1497,0.3494,19,44,2022-06-02
9901,5660,4241,1.0,0.1531,0.3494,19,44,2022-06-03
9963,5722,4241,1.0,0.1576,0.3494,19,44,2022-06-06
9928,5687,4241,1.0,0.1618,0.3494,19,44,2022-06-07
10064,5901,4163,1.0,0.167,0.3494,19,45,2022-06-08
10024,5937,4086,1.0,0.1731,0.3495,19,46,2022-06-09
9811,5842,3969,1.0,0.1793,0.3495,19,48,2022-06-10
9593,5436,4157,1.0136,0.2212,0.3496,22,46,2022-06-13
9523,5055,4468,1.0106,0.2627,0.3499,25,43,2022-06-14
9477,5063,4414,0.9037,0.2569,0.3492,26,43,2022-06-15
9299,4934,4364,0.933,0.2515,0.3478,30,40,2022-06-16
9195,4315,4881,1.1171,0.2941,0.3476,33,37,2022-06-17
9228,4815,4413,1.0,0.3098,0.3474,33,38,2022-06-21
9154,4741,4413,1.0,0.3262,0.3471,33,38,2022-06-22
9234,5236,3998,1.0,0.278,0.3469,33,39,2022-06-23
9205,5487,3718,1.0,0.2872,0.3467,33,42,2022-06-24
9354,5740,3614,1.0,0.2968,0.3465,33,43,2022-06-27
9405,5913,3492,1.0,0.3067,0.3461,33,44,2022-06-28
9318,6119,3199,1.0,0.3171,0.3457,33,47,2022-06-29
9142,6144,2998,1.0,0.3278,0.3462,33,49,2022-06-30
9108,6093,3015,0.7291,0.3154,0.3446,35,48,2022-07-01
9076,6152,2924,1.0,0.2903,0.3419,35,49,2022-07-05
9113,5783,3331,0.8097,0.2427,0.3371,37,49,2022-07-06
9141,5961,3180,1.0,0.26,0.3324,37,51,2022-07-07
9209,6115,3094,1.0,0.2786,0.3277,37,52,2022-07-08
9163,6145,3017,1.0,0.2509,0.323,37,53,2022-07-11
9089,6072,3017,1.0,0.2478,0.3183,37,53,2022-07-12
9035,6018,3017,1.0,0.2434,0.3135,37,53,2022-07-13
8962,5945,3017,1.0,0.2375,0.3088,37,53,2022-07-14
9065,5957,3107,0.9883,0.2176,0.304,38,52,2022-07-15
9150,6028,3122,0.9539,0.1971,0.3015,39,52,2022-07-18
9159,6151,3008,1.0,0.19,0.2989,39,54,2022-07-19
9254,6403,2851,1.0,0.1816,0.2984,39,57,2022-07-20
9233,6432,2801,1.0,0.172,0.2978,39,58,2022-07-21
9291,6444,2847,0.9611,0.172,0.2968,40,57,2022-07-22
9246,6399,2847,1.0,0.1617,0.2958,40,57,2022-07-25
9249,6402,2847,1.0,0.1733,0.2949,40,57,2022-07-26
9239,6392,2847,1.0,0.1683,0.2939,40,57,2022-07-27
9322,6475,2847,1.0,0.1618,0.2929,40,57,2022-07-28
9383,6571,2812,1.0,0.1534,0.2921,40,58,2022-07-29
9388,6576,2812,1.0,0.1465,0.2917,40,58,2022-08-01
9401,6590,2812,1.0,0.1392,0.2913,40,58,2022-08-02
9419,6607,2812,1.0,0.1318,0.2909,40,58,2022-08-03
9379,6567,2812,1.0,0.1412,0.2905,40,58,2022-08-04
9314,6502,2812,1.0,0.1513,0.2905,40,58,2022-08-05
9403,6591,2812,1.0,0.148,0.2905,40,58,2022-08-08
9412,6631,2781,1.0,0.145,0.2905,40,59,2022-08-09
9488,6707,2781,1.0,0.1424,0.2905,40,59,2022-08-10
9576,6795,2781,1.0,0.1526,0.2905,40,59,2022-08-11
9612,6831,2781,1.0,0.1512,0.2905,40,59,2022-08-12
9612,6830,2781,1.0,0.1504,0.2905,40,59,2022-08-15
9696,6915,2781,1.0,0.1488,0.2905,40,59,2022-08-16
9720,6939,2781,1.0,0.1474,0.2905,40,59,2022-08-17
9706,6924,2781,1.0,0.1464,0.2905,40,59,2022-08-18
9700,6919,2781,1.0,0.1459,0.2905,40,59,2022-08-19
9568,6787,2781,1.0,0.1458,0.2905,40,59,2022-08-22
9524,6621,2902,0.8326,0.1359,0.2888,42,57,2022-08-23
9504,6602,2902,1.0,0.1362,0.2871,42,57,2022-08-24
9574,6672,2902,1.0,0.1358,0.2854,42,57,2022-08-25
9659,6756,2902,1.0,0.1347,0.2838,42,57,2022-08-26
9410,6508,2902,1.0,0.1337,0.2821,42,57,2022-08-29
9449,6449,3001,1.293,0.1948,0.2833,43,57,2022-08-30
9333,6337,2996,0.8382,0.1846,0.283,44,57,2022-08-31
9236,6254,2982,1.0016,0.2452,0.2826,45,57,2022-09-01
9350,6317,3033,1.0176,0.3058,0.2824,46,57,2022-09-02
9283,5915,3368,0.9266,0.2951,0.2815,48,57,2022-09-06
9177,6087,3090,1.0,0.3055,0.2823,48,58,2022-09-07
9273,6347,2926,1.0,0.3168,0.2831,48,60,2022-09-08
9382,6571,2810,1.0,0.329,0.2838,48,62,2022-09-09
9503,6692,2810,1.0,0.3421,0.2846,48,62,2022-09-12
9366,6694,2672,1.0,0.3665,0.2854,48,64,2022-09-13
9301,6715,2586,1.0,0.383,0.2832,48,65,2022-09-14
9243,6703,2540,0.8187,0.3732,0.2808,49,65,2022-09-15
9144,6529,2615,0.8583,0.3635,0.2769,50,64,2022-09-16
9040,6507,2533,1.0,0.3799,0.2729,50,65,2022-09-19
9134,6317,2817,0.99,0.3442,0.2695,52,63,2022-09-20
9122,5866,3257,0.9794,0.3585,0.2659,57,60,2022-09-21
8981,4851,4130,0.89,0.296,0.2611,65,54,2022-09-22
8841,4807,4034,1.0565,0.2722,0.257,68,54,2022-09-23
8762,4107,4655,0.8435,0.2722,0.2512,75,48,2022-09-26
8789,4222,4566,1.0,0.2705,0.2454,75,49,2022-09-27
8962,4396,4566,1.0,0.268,0.2396,75,49,2022-09-28
9015,4448,4566,1.0,0.2645,0.2357,75,49,2022-09-29
8954,4352,4602,0.9758,0.241,0.233,76,49,2022-09-30
9006,4480,4526,1.0,0.2338,0.2303,76,50,2022-10-03
9127,4601,4526,1.0,0.2243,0.2277,76,50,2022-10-04
9171,4644,4526,1.0,0.2404,0.2254,76,50,2022-10-05
9212,4686,4526,1.0,0.2575,0.2241,76,50,2022-10-06
9202,4734,4468,1.0,0.25,0.2223,76,51,2022-10-07
9168,4744,4424,1.0,0.2321,0.2221,76,52,2022-10-10
9098,4644,4454,0.8428,0.2178,0.2202,77,51,2022-10-11
9116,4663,4453,0.8519,0.2089,0.2169,78,51,2022-10-12
9040,4587,4453,1.0,0.1762,0.2135,78,51,2022-10-13
9247,4794,4453,1.0,0.1888,0.2104,78,51,2022-10-14
9185,4732,4453,1.0,0.1828,0.2073,78,51,2022-10-17
9265,4845,4420,1.0,0.1766,0.2042,78,52,2022-10-18
9236,4816,4420,1.0,0.17,0.2011,78,52,2022-10-19
9228,4856,4372,1.0,0.1822,0.2,78,53,2022-10-20
9176,4804,4372,1.0,0.178,0.2,78,53,2022-10-21
9293,4921,4372,1.0,0.174,0.2,78,53,2022-10-24
9322,4950,4372,1.0,0.1704,0.2,78,53,2022-10-25
9425,5053,4372,1.0,0.1654,0.2,78,53,2022-10-26
9475,5104,4372,1.0,0.1588,0.2,78,53,2022-10-27
9439,5067,4372,1.0,0.1523,0.2,78,53,2022-10-28
9456,5084,4372,1.0,0.1632,0.2,78,53,2022-10-31
9542,5098,4445,0.9059,0.1632,0.2,79,52,2022-11-01
9505,5029,4476,0.9428,0.1482,0.2,80,52,2022-11-02
9378,4944,4434,1.0,0.1462,0.2,80,53,2022-11-03
9523,5089,4434,1.0,0.1432,0.2,80,53,2022-11-04
9553,5119,4434,1.0,0.1404,0.2,80,53,2022-11-07
9577,5043,4534,0.8586,0.1278,0.2,82,52,2022-11-08
9558,5024,4534,1.0,0.1247,0.2,82,52,2022-11-09
9591,5057,4534,1.0,0.1206,0.2,82,52,2022-11-10
9646,5112,4534,1.0,0.1165,0.2,82,52,2022-11-11
9644,5110,4534,1.0,0.1124,0.2,82,52,2022-11-14
9689,5155,4534,1.0,0.1083,0.2,82,52,2022-11-15
9653,5119,4534,1.0,0.1042,0.2,82,52,2022-11-16
9590,5055,4534,1.0,0.1003,0.2,82,52,2022-11-17
9696,5162,4534,1.0,0.0966,0.2,82,52,2022-11-18
9659,5125,4534,1.0,0.1035,0.2,82,52,2022-11-21
9730,5196,4534,1.0,0.1109,0.2,82,52,2022-11-22
9781,5279,4502,1.0,0.1082,0.2,82,53,2022-11-23
9799,5297,4502,1.0,0.1055,0.2,82,53,2022-11-25
9733,5231,4502,1.0,0.1028,0.2,82,53,2022-11-28
9720,5218,4502,1.0,0.1102,0.2,82,53,2022-11-29
9792,5290,4502,1.0,0.1089,0.2,82,53,2022-11-30
9864,5362,4502,1.0,0.1078,0.2,82,53,2022-12-01
9773,5271,4502,1.0,0.1069,0.2,82,53,2022-12-02
9817,5315,4502,1.0,0.1062,0.2,82,53,2022-12-05
9692,5156,4536,0.9612,0.0982,0.2,83,52,2022-12-06
9651,5115,4536,1.0,0.0974,0.2,83,52,2022-12-07
9692,5156,4536,1.0,0.097,0.2,83,52,2022-12-08
9623,5026,4598,1.1002,0.1612,0.2006,84,51,2022-12-09
9566,4968,4598,1.0,0.1658,0.2012,84,51,2022-12-12
9725,5127,4598,1.0,0.1703,0.2018,84,51,2022-12-13
9672,5074,4598,1.0,0.1745,0.2024,84,51,2022-12-14
9610,5012,4598,1.0,0.1793,0.2031,84,51,2022-12-15
9532,4860,4672,1.0486,0.2432,0.2041,85,50,2022-12-16
9567,4895,4672,1.0,0.2532,0.2052,85,50,2022-12-19
9527,4932,4595,1.0,0.2634,0.2067,85,51,2022-12-20
9600,5068,4532,1.0,0.2744,0.2082,85,52,2022-12-21
9594,5191,4403,1.0,0.2863,0.2097,85,54,2022-12-22
9569,5166,4403,1.0,0.2991,0.2102,85,54,2022-12-23
9626,5312,4314,1.0,0.3205,0.2106,85,55,2022-12-27
9611,5254,4357,0.7204,0.3135,0.2083,86,54,2022-12-28
9528,5171,4357,1.0,0.3289,0.206,86,54,2022-12-29
9539,5182,4357,1.0,0.281,0.2036,86,54,2022-12-30
9569,5212,4357,1.0,0.2895,0.2008,86,54,2023-01-03
9518,5132,4386,1.0164,0.3491,0.2,87,54,2023-01-04
9548,5162,4386,1.0,0.3619,0.2,87,54,2023-01-05
9657,5436,4222,1.0,0.3753,0.2,87,56,2023-01-06
9763,5542,4222,1.0,0.3307,0.2,87,56,2023-01-09
9692,5470,4222,1.0,0.3369,0.2,87,56,2023-01-10
9765,5543,4222,1.0,0.3429,0.2,87,56,2023-01-11
9799,5660,4139,1.0,0.3486,0.2002,87,57,2023-01-12
9801,5661,4139,1.0,0.3539,0.2003,87,57,2023-01-13
9863,5607,4256,0.9586,0.3691,0.2001,89,55,2023-01-17
9859,5525,4334,1.161,0.4192,0.2014,90,54,2023-01-18
9703,5483,4220,1.0,0.4491,0.2026,90,55,2023-01-19
9717,5723,3994,1.0,0.4588,0.2038,90,57,2023-01-20
9801,5731,4070,1.1167,0.5068,0.2061,92,56,2023-01-23
9761,5969,3791,1.0,0.5229,0.2085,92,58,2023-01-24
9789,6104,3685,1.0,0.4888,0.2108,92,59,2023-01-25
9883,6277,3606,1.0,0.4988,0.2131,92,60,2023-01-26
9891,6459,3431,1.0,0.5086,0.2155,92,62,2023-01-27
9865,6656,3209,1.0,0.5181,0.2178,92,64,2023-01-30
9848,6756,3092,1.0,0.5315,0.2206,92,65,2023-01-31
9926,6834,3092,1.0,0.5454,0.2217,92,65,2023-02-01
10011,7144,2867,1.0,0.5598,0.2229,92,67,2023-02-02
9930,6984,2947,1.0017,0.6064,0.2241,93,66,2023-02-03
9886,6939,2947,1.0,0.614,0.2241,93,66,2023-02-06
9873,6927,2947,1.0,0.5864,0.2241,93,66,2023-02-07
9912,7081,2831,1.0,0.5983,0.2241,93,67,2023-02-08
9880,7148,2732,1.0,0.609,0.2241,93,68,2023-02-09
9786,7054,2732,1.0,0.5811,0.2241,93,68,2023-02-10
9843,7112,2732,1.0,0.5864,0.2242,93,68,2023-02-13
9894,7163,2732,1.0,0.5909,0.2242,93,68,2023-02-14
9919,7258,2661,1.0,0.5982,0.2242,93,69,2023-02-15
9892,7231,2661,1.0,0.6053,0.2242,93,69,2023-02-16
9826,7257,2569,1.0,0.6122,0.2242,93,70,2023-02-17
9747,7178,2569,1.0,0.6189,0.2242,93,70,2023-02-21
9651,6993,2659,1.0424,0.6524,0.2246,94,69,2023-02-22
9710,7173,2537,1.0,0.66,0.2251,94,70,2023-02-23
9611,7074,2537,1.0,0.6357,0.2255,94,70,2023-02-24
9740,7285,2455,1.0,0.6378,0.2259,94,71,2023-02-27
9727,7108,2619,0.9261,0.594,0.2256,96,69,2023-02-28
9702,6992,2710,1.1897,0.5759,0.2272,99,68,2023-03-01
9708,6916,2792,0.9169,0.5332,0.2279,100,67,2023-03-02
9788,6871,2917,1.0322,0.5611,0.229,101,66,2023-03-03
9850,6933,2917,1.0,0.5597,0.23,101,66,2023-03-06
9793,6990,2803,1.0,0.5578,0.2311,101,67,2023-03-07
9696,6823,2874,1.0387,0.587,0.2321,102,66,2023-03-08
9689,5938,3752,1.0666,0.5749,0.2338,109,60,2023-03-09
9547,5277,4270,0.9725,0.5555,0.2352,115,54,2023-03-10
9353,4789,4564,1.0077,0.5474,0.2367,119,50,2023-03-13
9420,4695,4725,0.9677,0.5117,0.2386,121,48,2023-03-14
9307,4010,5297,1.1462,0.5187,0.2401,125,44,2023-03-15
9257,4110,5146,1.0,0.5086,0.2424,125,45,2023-03-16
9357,4389,4967,1.1583,0.4989,0.2459,127,45,2023-03-17
9329,4692,4638,1.0,0.5345,0.2494,127,47,2023-03-20
9424,4928,4496,1.0,0.5489,0.2529,127,48,2023-03-21
9407,5115,4293,1.0,0.5881,0.2561,127,49,2023-03-22
9344,5090,4253,0.7967,0.5167,0.2566,129,48,2023-03-23
9278,5125,4153,0.9589,0.4766,0.2569,130,48,2023-03-24
9394,5558,3836,1.0,0.4707,0.2572,130,50,2023-03-27
9393,5798,3595,1.0,0.4329,0.2578,130,52,2023-03-28
9470,5995,3474,1.0,0.4332,0.2569,130,53,2023-03-29
9536,6178,3359,1.0,0.4403,0.2561,130,54,2023-03-30
9532,6399,3132,1.0,0.4361,0.2536,130,56,2023-03-31
9626,6771,2854,1.0,0.4315,0.2511,130,59,2023-04-03
9619,7035,2584,1.0,0.4087,0.2486,130,62,2023-04-04
9518,7189,2329,1.0,0.4009,0.2462,130,65,2023-04-05
9546,7329,2217,1.0,0.3938,0.2458,130,67,2023-04-06
9536,7390,2146,1.0,0.3863,0.2458,130,68,2023-04-10
9649,7568,2081,1.0,0.3757,0.2458,130,69,2023-04-11
9707,7625,2081,1.0,0.3633,0.2458,130,69,2023-04-12
9635,7554,2081,1.0,0.3893,0.2458,130,69,2023-04-13
9675,7658,2017,1.0,0.4171,0.2458,130,70,2023-04-14
9652,7635,2017,1.0,0.4128,0.2458,130,70,2023-04-17
9717,7752,1965,1.0,0.4087,0.2458,130,71,2023-04-18
9669,7704,1965,1.0,0.407,0.2458,130,71,2023-04-19
9658,7578,2080,0.9874,0.4118,0.2456,132,69,2023-04-20
9654,7476,2178,0.7806,0.3803,0.2433,133,68,2023-04-21
9632,7454,2178,1.0,0.3763,0.2409,133,68,2023-04-24
9619,7209,2410,1.0453,0.3812,0.2391,135,66,2023-04-25
9533,6832,2701,0.8902,0.352,0.236,137,64,2023-04-26
9514,6780,2734,0.9926,0.3234,0.233,138,63,2023-04-27
9538,6804,2734,1.0,0.3184,0.2299,138,63,2023-04-28
9616,6882,2734,1.0,0.3135,0.2268,138,63,2023-05-01
9576,6461,3115,1.0681,0.3343,0.2244,141,60,2023-05-02
9526,6231,3295,1.4723,0.3798,0.2267,142,60,2023-05-03
9453,5989,3464,0.9263,0.352,0.2285,145,57,2023-05-04
9498,6034,3464,1.0,0.3473,0.2324,145,57,2023-05-05
9559,6181,3378,1.0,0.3426,0.2362,145,58,2023-05-08
9513,6075,3438,1.0213,0.3849,0.2399,146,57,2023-05-09
9562,6123,3438,1.0,0.3766,0.2446,146,57,2023-05-10
9498,5931,3567,0.9752,0.3766,0.2491,147,56,2023-05-11
9487,5757,3730,0.922,0.3495,0.2529,149,54,2023-05-12
9477,5826,3651,1.0,0.3387,0.2566,149,55,2023-05-15
9486,5761,3726,0.7704,0.3387,0.2575,150,54,2023-05-16
9454,5728,3726,1.0,0.3629,0.2536,150,54,2023-05-17
9467,5851,3616,1.0,0.3657,0.2504,150,55,2023-05-18
9539,5923,3616,1.0,0.3691,0.2473,150,55,2023-05-19
9499,5932,3567,0.9077,0.3215,0.2431,151,56,2023-05-22
9487,5920,3567,1.0,0.273,0.2388,151,56,2023-05-23
9412,5739,3673,1.0535,0.3445,0.235,152,55,2023-05-24
9376,5292,4084,1.0135,0.3669,0.2316,155,52,2023-05-25
9370,5007,4364,0.9857,0.3778,0.2289,157,50,2023-05-26
9409,4980,4428,0.8992,0.3064,0.2251,158,49,2023-05-30
9370,4868,4502,0.9176,0.2789,0.2229,159,48,2023-05-31
9368,4770,4599,1.0141,0.3146,0.2208,161,47,2023-06-01
9464,4971,4493,1.0,0.3371,0.2187,161,48,2023-06-02
9550,5163,4387,1.0,0.3362,0.2166,161,49,2023-06-05
9499,5111,4387,1.0,0.3602,0.2154,161,49,2023-06-06
9574,5294,4279,1.0,0.3618,0.2142,161,50,2023-06-07
9606,5326,4279,1.0,0.3617,0.2125,161,50,2023-06-08
9606,5418,4187,1.0,0.3614,0.2106,161,51,2023-06-09
9567,5475,4092,1.0,0.3872,0.2089,161,52,2023-06-12
9603,5608,3994,1.0,0.3919,0.2082,161,53,2023-06-13
9667,5673,3994,1.0,0.3485,0.2084,161,53,2023-06-14
9614,5620,3994,1.0,0.3258,0.2084,161,53,2023-06-15
9721,5727,3994,1.0,0.3133,0.2084,161,53,2023-06-16
9653,5659,3994,1.0,0.3357,0.2084,161,53,2023-06-20
9633,5638,3994,1.0,0.3597,0.2084,161,53,2023-06-21
9635,5709,3926,1.0,0.3497,0.2084,161,54,2023-06-22
9572,5647,3926,1.0,0.3522,0.2084,161,54,2023-06-23
9564,5728,3836,1.0,0.3532,0.2084,161,55,2023-06-26
9597,5760,3836,1.0,0.3545,0.2084,161,55,2023-06-27
9663,5760,3903,0.9688,0.3287,0.2081,162,54,2023-06-28
9688,5784,3903,1.0,0.3264,0.2078,162,54,2023-06-29
9779,5876,3903,1.0,0.3238,0.2075,162,54,2023-06-30
9788,5959,3829,1.0,0.3212,0.2071,162,55,2023-07-03
9811,5982,3829,1.0,0.3164,0.2068,162,55,2023-07-05
9741,5912,3829,1.0,0.311,0.2065,162,55,2023-07-06
9717,5888,3829,1.0,0.3084,0.2062,162,55,2023-07-07
9759,5976,3783,1.0,0.3071,0.2059,162,56,2023-07-10
9838,6054,3783,1.0,0.3067,0.2056,162,56,2023-07-11
9935,6152,3783,1.0,0.3046,0.2053,162,56,2023-07-12
9913,6206,3707,1.0,0.3007,0.2053,162,57,2023-07-13
9921,6125,3796,0.9279,0.2757,0.2045,163,56,2023-07-14
9861,6065,3796,1.0,0.2702,0.2038,163,56,2023-07-17
9897,5973,3924,1.2725,0.3164,0.2058,164,56,2023-07-18
9943,6019,3924,1.0,0.339,0.2078,164,56,2023-07-19
9958,5906,4052,1.0,0.3156,0.2098,165,55,2023-07-20
9953,5901,4052,1.0,0.3148,0.2118,165,55,2023-07-21
9946,5894,4052,1.0,0.3141,0.2137,165,55,2023-07-24
9979,5927,4052,1.0,0.3136,0.2157,165,55,2023-07-25
9973,5995,3978,1.0,0.3134,0.2177,165,56,2023-07-26
10056,6205,3851,1.0414,0.3626,0.2201,166,57,2023-07-27
9990,6138,3851,1.0,0.3665,0.2232,166,57,2023-07-28
10016,6266,3751,1.0,0.3708,0.2263,166,58,2023-07-31
9984,6336,3648,1.0,0.3753,0.2267,166,59,2023-08-01
9913,6297,3616,1.2252,0.425,0.2293,167,59,2023-08-02
9875,6259,3616,1.0,0.4554,0.2319,167,59,2023-08-03
9905,6273,3631,1.2097,0.5071,0.2366,168,59,2023-08-04
9908,6369,3539,0.8767,0.4595,0.2401,171,58,2023-08-07
9879,6239,3640,1.0786,0.4607,0.2443,174,56,2023-08-08
9920,6355,3565,1.0,0.4936,0.2485,174,57,2023-08-09
9894,6469,3425,1.0,0.5063,0.2524,174,58,2023-08-10
9862,6436,3426,0.8847,0.4838,0.2551,175,58,2023-08-11
9872,6671,3201,1.0,0.496,0.2578,175,60,2023-08-14
9820,6553,3266,0.9967,0.5093,0.2605,177,59,2023-08-15
9778,6652,3126,1.0,0.4742,0.2609,177,60,2023-08-16
9795,6796,2999,1.0,0.4822,0.2614,177,61,2023-08-17
9636,6723,2912,1.0,0.4904,0.2597,177,62,2023-08-18
9731,6819,2912,1.0,0.499,0.2593,177,62,2023-08-21
9708,6541,3167,1.0266,0.4514,0.2584,180,59,2023-08-22
9678,6610,3067,1.0,0.4533,0.2575,180,60,2023-08-23
9725,6839,2887,1.0,0.4142,0.2566,180,62,2023-08-24
9703,7030,2673,1.0,0.42,0.2568,180,65,2023-08-25
9713,7041,2673,1.0,0.4262,0.257,180,65,2023-08-28
9749,7132,2617,1.0,0.4237,0.2573,180,66,2023-08-29
9819,7227,2592,1.2239,0.4599,0.2598,181,66,2023-08-30
9842,7250,2592,1.6633,0.5313,0.2685,182,67,2023-08-31
9883,7117,2766,0.9376,0.4967,0.2767,184,65,2023-09-01
9875,7182,2693,0.8697,0.461,0.2837,185,65,2023-09-05
9791,7190,2602,0.9709,0.4247,0.2901,186,66,2023-09-06
9782,7198,2584,0.7676,0.3908,0.2943,187,66,2023-09-07
9774,7284,2490,1.0,0.3843,0.2986,187,67,2023-09-08
9842,7527,2316,1.0,0.3767,0.3028,187,69,2023-09-11
9792,7402,2390,0.9668,0.3529,0.3067,188,68,2023-09-12
9834,7281,2553,0.9877,0.3563,0.3105,190,66,2023-09-13
9831,7335,2496,1.0,0.3494,0.3122,190,67,2023-09-14
9813,7199,2615,0.9518,0.3198,0.3065,191,66,2023-09-15
9800,7270,2530,1.0,0.3127,0.3015,191,67,2023-09-18
9804,7344,2460,1.0,0.3046,0.2979,191,68,2023-09-19
9792,7392,2400,1.0,0.2549,0.2946,191,69,2023-09-20
9696,7111,2585,0.8527,0.1835,0.2922,194,67,2023-09-21
9646,6663,2983,0.9971,0.2013,0.2897,198,63,2023-09-22
9584,6394,3190,1.0072,0.2251,0.2873,201,61,2023-09-25
9613,6235,3378,0.9933,0.2608,0.2852,203,60,2023-09-26
9600,6064,3537,1.2613,0.3323,0.2858,205,58,2023-09-27
9607,6155,3452,1.0,0.3281,0.2864,205,59,2023-09-28
9675,6146,3529,0.8778,0.3006,0.2863,206,58,2023-09-29
9598,5702,3896,0.9926,0.3292,0.2862,211,54,2023-10-02
9513,5581,3932,1.2635,0.3649,0.2886,212,54,2023-10-03
9464,5689,3775,0.9568,0.3395,0.2906,213,55,2023-10-04
9410,5498,3912,1.0764,0.4109,0.2948,216,54,2023-10-05
9432,5797,3635,1.0,0.4174,0.299,216,56,2023-10-06
9493,6029,3464,0.89,0.3951,0.302,217,57,2023-10-09
9570,6197,3373,1.0,0.4015,0.3052,217,58,2023-10-10
9622,6474,3148,1.0,0.4302,0.3057,217,60,2023-10-11
9679,6843,2836,1.0,0.4431,0.3063,217,63,2023-10-12
9642,6996,2646,1.0,0.4509,0.3081,217,65,2023-10-13
9643,7267,2377,1.0,0.4474,0.3099,217,68,2023-10-16
9644,7370,2274,1.0,0.408,0.3092,217,69,2023-10-17
9728,7614,2113,1.0,0.4134,0.3088,217,71,2023-10-18
9637,7487,2149,0.966,0.4134,0.3074,218,71,2023-10-19
9555,7462,2093,1.0,0.4143,0.3059,218,72,2023-10-20
9415,7233,2182,0.9264,0.3429,0.3048,221,71,2023-10-23
9455,7176,2280,0.9386,0.3429,0.3031,223,71,2023-10-24
9438,7180,2257,0.8519,0.2715,0.2999,224,71,2023-10-25
9363,6457,2906,0.9821,0.26,0.2965,232,64,2023-10-26
9368,6251,3116,0.9365,0.26,0.2924,234,62,2023-10-27
9340,6291,3049,1.0,0.2503,0.2884,234,63,2023-10-30
9382,6447,2934,1.0,0.2395,0.2843,234,65,2023-10-31
9453,6619,2834,1.0,0.2259,0.2802,234,67,2023-11-01
9527,6609,2918,0.6636,0.1943,0.273,235,66,2023-11-02
9704,6867,2838,1.0,0.1759,0.2657,235,68,2023-11-03
9741,6930,2811,1.0,0.1565,0.2592,235,69,2023-11-06
9674,6890,2784,1.0,0.1386,0.2534,235,70,2023-11-07
9637,6777,2860,0.8707,0.1386,0.2478,236,69,2023-11-08
9649,6818,2831,1.0,0.1189,0.2423,236,70,2023-11-09
9612,6781,2831,1.0,0.1274,0.2376,236,70,2023-11-10
9642,6811,2831,1.0,0.1365,0.2328,236,70,2023-11-13
9727,6896,2831,1.0,0.1463,0.228,236,70,2023-11-14
9806,6975,2831,1.0,0.1389,0.2232,236,70,2023-11-15
9786,6908,2879,0.8413,0.1389,0.2203,237,69,2023-11-16
9797,6918,2879,1.0,0.1302,0.2174,237,69,2023-11-17
9822,6958,2864,1.0,0.1216,0.2145,237,70,2023-11-20
9814,6950,2864,1.0,0.1132,0.2116,237,70,2023-11-21
9794,6930,2864,1.0,0.1213,0.21,237,70,2023-11-22
9824,6960,2864,1.0,0.1161,0.2084,237,70,2023-11-24
9821,6957,2864,1.0,0.1118,0.2068,237,70,2023-11-27
9839,6975,2864,1.0,0.1086,0.2052,237,70,2023-11-28
9886,6960,2926,0.9705,0.1086,0.2033,238,69,2023-11-29
9879,6953,2926,1.0,0.1065,0.2014,238,69,2023-11-30
9905,6884,3021,1.5523,0.1694,0.2065,239,68,2023-12-01
9977,6956,3021,1.0,0.1724,0.2115,239,68,2023-12-04
10005,6984,3021,1.0,0.175,0.2166,239,68,2023-12-05
9980,6838,3142,1.13,0.236,0.223,240,67,2023-12-06
9934,6839,3095,1.0,0.2528,0.2293,240,68,2023-12-07
9942,6847,3095,1.0,0.261,0.2356,240,68,2023-12-08
9977,6894,3083,0.7145,0.2517,0.2392,241,68,2023-12-11
10015,6748,3267,0.9066,0.243,0.2419,243,66,2023-12-12
10032,6812,3219,1.0,0.2523,0.2449,243,67,2023-12-13
10245,6993,3252,1.0759,0.315,0.2486,244,66,2023-12-14
10228,7049,3179,1.0,0.3292,0.2469,244,67,2023-12-15
10265,7086,3179,1.0,0.3448,0.2451,244,67,2023-12-18
10267,7088,3179,1.0,0.3694,0.2434,244,67,2023-12-19
10299,7121,3179,1.0,0.388,0.2403,244,67,2023-12-20
10279,7167,3111,1.0,0.3443,0.2372,244,68,2023-12-21
10330,7219,3111,1.0,0.3568,0.2342,244,68,2023-12-22
10361,7333,3028,1.0,0.3699,0.234,244,69,2023-12-26
10390,7431,2960,1.0,0.3249,0.2347,244,70,2023-12-27
10380,7421,2960,1.0,0.3313,0.2355,244,70,2023-12-28
10389,7429,2960,1.0,0.3369,0.2355,244,70,2023-12-29
10336,7376,2960,1.0,0.361,0.2355,244,70,2024-01-02
10312,7353,2960,1.0,0.3867,0.2355,244,70,2024-01-03
10285,7325,2960,1.0,0.397,0.2355,244,70,2024-01-04
10260,7198,3062,1.0731,0.397,0.2362,245,69,2024-01-05
10287,7180,3107,1.5639,0.4459,0.2424,246,69,2024-01-08
10332,7336,2996,1.0,0.4543,0.2486,246,70,2024-01-09
10330,7085,3245,1.7213,0.5011,0.2613,248,69,2024-01-10
10313,7196,3117,1.0,0.5105,0.274,248,70,2024-01-11
10352,7235,3117,1.0,0.5192,0.2868,248,70,2024-01-12
10268,7303,2964,1.0,0.5317,0.2995,248,71,2024-01-16
10183,7349,2834,0.7818,0.5063,0.3103,249,72,2024-01-17
10235,7299,2936,0.9055,0.4798,0.3203,250,71,2024-01-18
10269,7414,2855,1.0,0.4909,0.3302,250,72,2024-01-19
10339,7483,2855,1.0,0.5023,0.3395,250,72,2024-01-22
10395,7653,2742,1.0,0.5141,0.3435,250,73,2024-01-23
10431,7742,2689,1.0293,0.5598,0.3478,251,73,2024-01-24
10439,7609,2829,1.3204,0.6036,0.3482,252,72,2024-01-25
10464,7806,2657,1.0,0.5752,0.3485,252,73,2024-01-26
10476,8042,2434,1.4052,0.5752,0.3529,253,74,2024-01-29
10475,8041,2434,1.0,0.5845,0.3572,253,74,2024-01-30
10496,8228,2268,1.0,0.5548,0.3636,253,75,2024-01-31
10412,8285,2128,1.0,0.5586,0.3709,253,76,2024-02-01
10423,8295,2128,1.0,0.5621,0.3781,253,76,2024-02-02
10383,8320,2063,0.9958,0.525,0.3854,254,76,2024-02-05
10361,8298,2063,1.0,0.5625,0.3926,254,76,2024-02-06
10405,8342,2063,1.0,0.6027,0.3996,254,76,2024-02-07
10392,8255,2136,1.3294,0.6398,0.4066,255,75,2024-02-08
10417,8281,2136,1.0,0.6504,0.4137,255,75,2024-02-09
10425,8476,1949,1.0,0.661,0.4169,255,76,2024-02-12
10379,8430,1949,1.0,0.6368,0.4201,255,76,2024-02-13
10437,8488,1949,1.0,0.6109,0.4233,255,76,2024-02-14
10482,8523,1958,1.2346,0.6392,0.4287,256,76,2024-02-15
10517,8559,1958,1.0,0.6134,0.4342,256,76,2024-02-16
10478,8630,1848,1.0,0.6161,0.4397,256,77,2024-02-20
10481,8633,1848,1.0,0.6184,0.4451,256,77,2024-02-21
10549,8701,1848,1.0,0.623,0.4506,256,77,2024-02-22
10617,8929,1688,1.0,0.6275,0.453,256,78,2024-02-23
10639,8951,1688,1.0,0.6724,0.4553,256,78,2024-02-26
10645,8929,1717,0.9863,0.6349,0.4575,257,77,2024-02-27
10596,8879,1717,1.0,0.64,0.4596,257,77,2024-02-28
10633,8888,1745,1.0652,0.6043,0.4625,259,76,2024-02-29
10648,8887,1762,1.0053,0.6301,0.463,260,76,2024-03-01
10722,8961,1762,1.0,0.6286,0.4636,260,76,2024-03-04
10724,8962,1762,1.0,0.6263,0.4642,260,76,2024-03-05
10810,9161,1649,1.0,0.6255,0.4647,260,77,2024-03-06
10862,9213,1649,1.0,0.5988,0.4653,260,77,2024-03-07
10867,9218,1649,1.0,0.5959,0.4659,260,77,2024-03-08
10772,9237,1535,1.0,0.5947,0.4664,260,78,2024-03-11
10809,9274,1535,1.0,0.5931,0.4671,260,78,2024-03-12
10818,9124,1694,1.0912,0.5847,0.4687,262,77,2024-03-13
10856,9162,1694,1.0,0.5819,0.4697,262,77,2024-03-14
10721,9028,1694,1.0,0.5787,0.4706,262,77,2024-03-15
10836,9142,1694,1.0,0.62,0.4715,262,77,2024-03-18
10828,9134,1694,1.0,0.6189,0.4724,262,77,2024-03-19
10875,9181,1694,1.0,0.6274,0.4733,262,77,2024-03-20
11046,9296,1750,1.9314,0.6274,0.4831,263,77,2024-03-21
11098,9507,1592,1.0,0.6272,0.4928,263,78,2024-03-22
11027,9435,1592,1.0,0.6271,0.5025,263,78,2024-03-25
11014,9710,1304,1.0,0.6272,0.5123,263,80,2024-03-26
11030,0,11030,1.2196,0.6468,0.5232,343,0,2024-03-27
