100000.0,99646.7015,353.29849999999715,42020-01-02
99322.394,98969.0955,353.29849999999715,02020-01-03
99799.8205,99446.522,353.29849999999715,02020-01-06
100005.0175,99651.71900000001,353.29849999999715,02020-01-07
100325.204,99971.9055,353.29849999999715,02020-01-08
101310.18599999999,100956.88749999998,353.29849999999715,02020-01-09
100579.4775,100226.179,353.29849999999715,02020-01-10
101568.76849999999,101215.47,353.29849999999715,02020-01-13
101120.84449999999,101003.006,117.83849999999714,12020-01-14
101316.83649999999,101198.99799999999,117.83849999999714,02020-01-15
102526.19949999999,102408.36099999999,117.83849999999714,02020-01-16
103115.16649999999,102997.328,117.83849999999714,02020-01-17
103708.47849999998,78710.83999999998,24997.638499999997,02020-01-21
103592.88849999999,78595.24999999999,24997.638499999997,02020-01-22
103628.91849999999,78631.27999999998,24997.638499999997,02020-01-23
102395.8385,77398.2,24997.638499999997,02020-01-24
101696.12849999999,76698.48999999999,24997.638499999997,02020-01-27
102933.09850000001,52199.66000000001,50733.4385,02020-01-28
101180.2785,50446.840000000004,50733.4385,02020-01-29
102199.92850000001,51466.49000000001,50733.4385,02020-01-30
100883.8085,100870.55,13.258499999996275,12020-01-31
101800.57849999999,77345.13999999998,24455.438499999997,02020-02-03
103598.64600000001,79143.20750000002,24455.438499999997,02020-02-04
103263.916,78808.47750000001,24455.438499999997,02020-02-05
103665.706,79210.26750000002,24455.438499999997,02020-02-06
104299.62849999999,79844.19,24455.438499999997,02020-02-07
105969.076,81513.63750000001,24455.438499999997,02020-02-10
106343.9585,106313.72,30.238499999999476,12020-02-11
106988.6385,106958.4,30.238499999999476,02020-02-12
107065.24599999998,107035.00749999998,30.238499999999476,02020-02-13
107397.766,107367.5275,30.238499999999476,02020-02-14
108579.686,108549.44750000001,30.238499999999476,02020-02-18
110187.0135,110156.775,30.238499999999476,02020-02-19
108694.6035,108664.36499999999,30.238499999999476,02020-02-20
104986.431,104956.1925,30.238499999999476,02020-02-21
99749.121,99483.3925,265.7284999999995,02020-02-24
97411.3935,21596.78,75814.6135,02020-02-25
97375.0735,21560.459999999992,75814.6135,02020-02-26
95795.15350000001,0.0,95795.15350000001,02020-02-27
95795.15350000001,0.0,95795.15350000001,02020-02-28
95795.15350000001,0.0,95795.15350000001,02020-03-02
95795.15350000001,0.0,95795.15350000001,02020-03-03
95795.15350000001,0.0,95795.15350000001,02020-03-04
95795.15350000001,0.0,95795.15350000001,02020-03-05
95795.15350000001,0.0,95795.15350000001,02020-03-06
95795.15350000001,0.0,95795.15350000001,02020-03-09
95795.15350000001,0.0,95795.15350000001,02020-03-10
95795.15350000001,0.0,95795.15350000001,02020-03-11
95795.15350000001,0.0,95795.15350000001,02020-03-12
95795.15350000001,0.0,95795.15350000001,02020-03-13
95795.15350000001,0.0,95795.15350000001,02020-03-16
95795.15350000001,0.0,95795.15350000001,02020-03-17
95795.15350000001,0.0,95795.15350000001,02020-03-18
95795.15350000001,0.0,95795.15350000001,02020-03-19
95795.15350000001,0.0,95795.15350000001,02020-03-20
95795.15350000001,0.0,95795.15350000001,02020-03-23
95795.15350000001,0.0,95795.15350000001,02020-03-24
95795.15350000001,95706.38,88.77350000001024,12020-03-25
99329.89100000002,99312.02750000001,17.863500000010248,12020-03-26
96520.6085,96502.745,17.863500000010248,02020-03-27
99759.94600000001,99742.0825,17.863500000010248,02020-03-30
99035.07350000001,99017.21,17.863500000010248,02020-03-31
96905.92850000001,96888.065,17.863500000010248,02020-04-01
97468.90600000002,97451.04250000001,17.863500000010248,02020-04-02
96851.666,96833.80249999999,17.863500000010248,02020-04-03
101469.586,101451.72249999999,17.863500000010248,02020-04-06
102183.2535,102165.39,17.863500000010248,02020-04-07
103778.44350000001,103760.58,17.863500000010248,02020-04-08
103764.14350000002,103746.28000000001,17.863500000010248,02020-04-09
110166.846,110148.9825,17.863500000010248,02020-04-13
115973.4035,115955.54,17.863500000010248,02020-04-14
117211.3735,117193.51,17.863500000010248,02020-04-15
122313.056,122295.19249999999,17.863500000010248,02020-04-16
120626.4835,120608.62,17.863500000010248,02020-04-17
121567.321,121549.45749999999,17.863500000010248,02020-04-20
118245.12350000002,118227.26000000001,17.863500000010248,02020-04-21
120040.071,120022.20749999999,17.863500000010248,02020-04-22
121865.701,121847.8375,17.863500000010248,02020-04-23
122412.7785,122318.665,94.11350000001025,02020-04-24
120676.1135,120582.0,94.11350000001025,02020-04-27
117533.6735,117439.56,94.11350000001025,02020-04-28
120509.146,120415.03249999999,94.11350000001025,02020-04-29
125649.6135,125555.5,94.11350000001025,02020-04-30
116110.64350000002,116016.53000000001,94.11350000001025,02020-05-01
117630.606,117536.4925,94.11350000001025,02020-05-04
117722.46350000001,117510.39,212.07350000001315,22020-05-05
119676.27350000001,119621.2,55.073500000013155,12020-05-06
122138.4335,122083.35999999999,55.073500000013155,02020-05-07
122048.97350000001,121993.9,55.073500000013155,02020-05-08
122057.45350000002,122002.38,55.073500000013155,02020-05-11
119852.81350000002,119797.74,55.073500000013155,02020-05-12
118718.81350000002,118663.74,55.073500000013155,02020-05-13
118832.1235,118777.04999999999,55.073500000013155,02020-05-14
123340.74350000001,123285.67,55.073500000013155,02020-05-15
123009.95350000002,122954.88,55.073500000013155,02020-05-18
124698.89350000002,124643.82,55.073500000013155,02020-05-19
125462.5435,125407.46999999999,55.073500000013155,02020-05-20
124917.13350000001,124862.06,55.073500000013155,02020-05-21
126336.63350000001,126281.56,55.073500000013155,02020-05-22
124218.46350000001,124163.39,55.073500000013155,02020-05-26
125430.34350000002,125375.27,55.073500000013155,02020-05-27
126457.25350000002,126402.18000000001,55.073500000013155,02020-05-28
127827.69350000002,127772.62000000001,55.073500000013155,02020-05-29
129046.75350000002,128991.68000000001,55.073500000013155,02020-06-01
130003.63350000001,129948.56,55.073500000013155,02020-06-02
128738.26350000002,128683.19,55.073500000013155,02020-06-03
129269.3735,129214.29999999999,55.073500000013155,02020-06-04
130703.69350000001,130648.62,55.073500000013155,02020-06-05
131847.12350000002,131792.05,55.073500000013155,02020-06-08
130953.27350000001,130898.2,55.073500000013155,02020-06-09
128650.47350000002,128595.40000000001,55.073500000013155,02020-06-10
126008.3635,125953.29,55.073500000013155,02020-06-11
129641.72350000001,129586.65,55.073500000013155,02020-06-12
129055.5735,128994.11599999998,61.45750000001135,22020-06-15
131153.3415,131091.884,61.45750000001135,02020-06-16
131818.9635,131757.506,61.45750000001135,02020-06-17
132834.87350000002,132773.416,61.45750000001135,02020-06-18
134446.2495,134384.792,61.45750000001135,02020-06-19
136977.90149999998,136916.44399999996,61.45750000001135,02020-06-22
137468.26950000002,137406.812,61.45750000001135,02020-06-23
134720.1975,134658.74,61.45750000001135,02020-06-24
135571.90350000001,105702.626,29869.27750000001,02020-06-25
133164.0915,133147.994,16.09750000000713,12020-06-26
132932.2735,132916.176,16.09750000000713,02020-06-29
135633.47149999999,135617.37399999998,16.09750000000713,02020-06-30
138033.4475,137874.03,159.41750000001048,12020-07-01
138874.8475,138715.43,159.41750000001048,02020-07-02
144478.5155,144408.308,70.20750000001048,12020-07-06
143819.99150000003,143749.784,70.20750000001048,02020-07-07
146402.0695,146331.862,70.20750000001048,02020-07-08
148355.4935,148342.541,12.952500000010481,12020-07-09
149591.79250000004,149578.84000000003,12.952500000010481,02020-07-10
145314.36250000002,145301.41,12.952500000010481,02020-07-13
143759.39250000002,143746.44,12.952500000010481,02020-07-14
143353.1965,143340.24399999998,12.952500000010481,02020-07-15
142966.87250000003,142953.92,12.952500000010481,02020-07-16
143134.6765,143121.724,12.952500000010481,02020-07-17
149715.0105,74582.50799999999,75132.50250000002,02020-07-20
149625.21050000002,74492.708,75132.50250000002,02020-07-21
148886.35450000002,73753.852,75132.50250000002,02020-07-22
147288.2325,35719.82000000001,111568.4125,02020-07-23
147689.70249999998,36121.28999999998,111568.4125,02020-07-24
147023.6225,35455.20999999999,111568.4125,02020-07-27
146972.8225,35404.41,111568.4125,02020-07-28
146487.2525,34918.84,111568.4125,02020-07-29
146711.8025,146689.604,22.198500000013155,12020-07-30
149833.7925,149811.59399999998,22.198500000013155,02020-07-31
148045.738,147960.4995,85.23850000000675,12020-08-03
148958.325,148873.0865,85.23850000000675,02020-08-04
151574.605,151489.3665,85.23850000000675,02020-08-05
153415.8385,153243.89,171.94850000000673,02020-08-06
150207.0715,150204.82299999997,2.248500000006743,12020-08-07
149018.31650000002,149016.068,2.248500000006743,02020-08-10
145929.60700000002,145927.3585,2.248500000006743,02020-08-11
149693.47050000002,149691.222,2.248500000006743,02020-08-12
150000.09949999998,149997.85099999997,2.248500000006743,02020-08-13
149340.08950000003,149337.84100000001,2.248500000006743,02020-08-14
150902.114,150899.86549999999,2.248500000006743,02020-08-17
156561.798,156396.22950000002,165.56850000000674,02020-08-18
154546.6525,154381.084,165.56850000000674,02020-08-19
157147.222,156883.3535,263.86850000000675,02020-08-20
156285.1045,156118.83599999998,166.26850000000675,12020-08-21
157351.0715,157184.80299999999,166.26850000000675,02020-08-24
159396.48799999998,159230.21949999998,166.26850000000675,02020-08-25
166230.146,166063.8775,166.26850000000675,02020-08-26
163320.4885,163154.22,166.26850000000675,02020-08-27
163851.91850000003,163685.65000000002,166.26850000000675,02020-08-28
165417.6165,165251.348,166.26850000000675,02020-08-31
168286.7245,168120.456,166.26850000000675,02020-09-01
169909.206,169742.9375,166.26850000000675,02020-09-02
161956.30850000004,161872.58000000005,83.72850000000675,12020-09-03
158066.67950000003,157982.95100000003,83.72850000000675,02020-09-04
150508.8805,150425.152,83.72850000000675,02020-09-08
156170.864,155988.5655,182.29850000000675,02020-09-09
152507.309,152419.59999999998,87.70900000001711,12020-09-10
153546.69900000002,117636.39000000001,35910.309000000016,02020-09-11
153573.78900000002,117663.48000000001,35910.309000000016,02020-09-14
152962.329,117052.01999999999,35910.309000000016,02020-09-15
152776.56900000002,116866.26000000001,35910.309000000016,02020-09-16
150388.779,114478.47,35910.309000000016,02020-09-17
148442.169,0.0,148442.169,02020-09-18
148442.169,148423.1,19.06899999998859,12020-09-21
145868.61899999998,145849.55,19.06899999998859,02020-09-22
145010.769,144991.7,19.06899999998859,02020-09-23
147042.51899999997,147023.44999999998,19.06899999998859,02020-09-24
149781.619,149691.36,90.25900000002002,12020-09-25
152505.37900000002,0.0,152505.37900000002,02020-09-28
152505.37900000002,152055.78999999998,449.58900000002177,22020-09-29
152880.919,152431.32999999996,449.58900000002177,02020-09-30
156963.159,156835.696,127.4630000000218,12020-10-01
150921.013,150896.66999999998,24.34300000002179,12020-10-02
156140.54300000003,156116.2,24.34300000002179,02020-10-05
153415.47900000005,153391.13600000003,24.34300000002179,02020-10-06
157681.402,157657.05899999998,24.34300000002179,02020-10-07
157156.678,157132.335,24.34300000002179,02020-10-08
155742.43800000002,155718.095,24.34300000002179,02020-10-09
158220.28600000005,158195.94300000003,24.34300000002179,02020-10-12
159672.776,159648.433,24.34300000002179,02020-10-13
157427.80400000003,157403.461,24.34300000002179,02020-10-14
155620.31800000003,155595.975,24.34300000002179,02020-10-15
155908.64400000003,155884.301,24.34300000002179,02020-10-16
153630.674,77182.33099999998,76448.34300000002,02020-10-19
153534.774,77086.43099999998,76448.34300000002,02020-10-20
153747.40700000004,77299.06400000001,76448.34300000002,02020-10-21
151830.15300000005,75381.81000000003,76448.34300000002,02020-10-22
152590.91300000003,76142.57,76448.34300000002,02020-10-23
150531.08700000003,106.04000000000815,150425.04700000002,02020-10-26
150526.70700000002,0.0,150526.70700000002,02020-10-27
150526.70700000002,0.0,150526.70700000002,02020-10-28
150526.70700000002,0.0,150526.70700000002,02020-10-29
150526.70700000002,0.0,150526.70700000002,02020-10-30
150526.70700000002,0.0,150526.70700000002,02020-11-02
150526.70700000002,0.0,150526.70700000002,02020-11-03
150526.70700000002,0.0,150526.70700000002,02020-11-04
150526.70700000002,150465.98,60.727000000013504,12020-11-05
150473.227,150412.5,60.727000000013504,02020-11-06
147398.127,147337.4,60.727000000013504,02020-11-09
146341.897,146281.16999999998,60.727000000013504,02020-11-10
146382.007,146321.28,60.727000000013504,02020-11-11
147358.01700000002,147297.29,60.727000000013504,02020-11-12
147491.717,147430.99,60.727000000013504,02020-11-13
146943.54700000002,146882.82,60.727000000013504,02020-11-16
141715.877,141655.15,60.727000000013504,02020-11-17
145365.88700000002,145305.16,60.727000000013504,02020-11-18
148320.657,148259.93,60.727000000013504,02020-11-19
150085.497,150066.72,18.777000000001863,12020-11-20
151273.407,151254.63,18.777000000001863,02020-11-23
150847.887,150829.11,18.777000000001863,02020-11-24
153755.607,153736.83,18.777000000001863,02020-11-25
154606.647,154587.87,18.777000000001863,02020-11-27
164304.957,164286.18,18.777000000001863,02020-11-30
164251.767,164232.99,18.777000000001863,02020-12-01
166219.797,166201.02,18.777000000001863,02020-12-02
163684.407,163665.63,18.777000000001863,02020-12-03
166751.69700000001,166732.92,18.777000000001863,02020-12-04
166804.887,166786.11,18.777000000001863,02020-12-07
164765.937,164747.16,18.777000000001863,02020-12-08
159287.367,159268.59,18.777000000001863,02020-12-09
162531.957,162513.18,18.777000000001863,02020-12-10
162514.227,162495.45,18.777000000001863,02020-12-11
168063.717,168044.94,18.777000000001863,02020-12-14
172212.537,172193.76,18.777000000001863,02020-12-15
171733.827,171715.05,18.777000000001863,02020-12-16
171716.097,171697.32,18.777000000001863,02020-12-17
170084.937,170066.16,18.777000000001863,02020-12-18
165315.567,165296.79,18.777000000001863,02020-12-21
165191.457,165172.68,18.777000000001863,02020-12-22
162336.927,162318.15,18.777000000001863,02020-12-23
162797.907,162779.13,18.777000000001863,02020-12-24
162425.577,161943.712,481.8649999999907,22020-12-28
163877.085,163395.22,481.8649999999907,02020-12-29
162229.25999999998,162020.615,208.64499999999066,12020-12-30
161942.456,161733.81100000002,208.64499999999066,02020-12-31
157825.876,157736.841,89.03499999999066,12021-01-04
158680.872,79910.05700000002,78770.81499999999,02021-01-05
156700.251,77929.436,78770.81499999999,02021-01-06
157288.96699999998,78518.15199999999,78770.81499999999,02021-01-07
157794.78499999997,157714.52999999997,80.2549999999901,12021-01-08
158323.272,81322.03000000001,77001.24199999998,02021-01-11
156754.25199999998,79753.01,77001.24199999998,02021-01-12
153774.482,76773.24,77001.24199999998,02021-01-13
152951.642,75950.40000000001,77001.24199999998,02021-01-14
150804.972,73803.73000000003,77001.24199999998,02021-01-15
151838.31199999998,414.6699999999837,151423.642,02021-01-19
151833.25199999998,409.60999999998603,151423.642,02021-01-20
151833.572,409.929999999993,151423.642,02021-01-21
151828.142,151682.46850000002,145.67349999997532,12021-01-22
151906.88349999997,151483.22,423.66349999997533,02021-01-25
153378.137,152835.6735,542.4634999999753,02021-01-26
149079.51449999996,148537.05099999998,542.4634999999753,02021-01-27
149311.10249999998,148768.639,542.4634999999753,02021-01-28
147867.3535,147324.89,542.4634999999753,02021-01-29
154147.7995,154075.336,72.46349999997528,12021-02-01
155868.39349999998,155795.93,72.46349999997528,02021-02-02
152765.137,152692.6735,72.46349999997528,02021-02-03
153621.2935,153548.83000000002,72.46349999997528,02021-02-04
154595.87599999996,154523.41249999998,72.46349999997528,02021-02-05
153255.3165,153182.853,72.46349999997528,02021-02-08
152433.26349999997,152360.8,72.46349999997528,02021-02-09
151583.4845,151511.021,72.46349999997528,02021-02-10
150463.957,150391.4935,72.46349999997528,02021-02-11
151182.07799999998,151109.6145,72.46349999997528,02021-02-12
150782.35599999997,150669.53999999998,112.81599999999162,22021-02-16
148116.146,148003.33000000002,112.81599999999162,02021-02-17
146578.61599999998,146465.8,112.81599999999162,02021-02-18
145396.61599999998,145283.8,112.81599999999162,02021-02-19
141305.256,141208.78,96.47599999999511,12021-02-22
142786.696,142690.22,96.47599999999511,02021-02-23
140330.016,69781.84000000001,70548.17599999999,02021-02-24
139054.336,68506.16000000002,70548.17599999999,02021-02-25
140547.096,69998.92,70548.17599999999,02021-02-26
141836.17599999998,71287.99999999999,70548.17599999999,02021-03-01
140855.29599999997,70307.11999999998,70548.17599999999,02021-03-02
139271.416,0.0,139271.416,02021-03-03
139271.416,0.0,139271.416,02021-03-04
139271.416,0.0,139271.416,02021-03-05
139271.416,139105.19999999998,166.2160000000149,12021-03-08
141408.616,141242.4,166.2160000000149,02021-03-09
141965.016,141798.8,166.2160000000149,02021-03-10
142261.416,142095.19999999998,166.2160000000149,02021-03-11
142105.416,141939.19999999998,166.2160000000149,02021-03-12
142911.416,142745.19999999998,166.2160000000149,02021-03-15
140914.616,140870.91999999998,43.696000000014905,12021-03-16
140061.886,140018.18999999997,43.696000000014905,02021-03-17
143374.38600000003,143330.69,43.696000000014905,02021-03-18
145153.706,145110.00999999998,43.696000000014905,02021-03-19
143004.47600000002,142960.78,43.696000000014905,02021-03-22
144729.736,144686.03999999998,43.696000000014905,02021-03-23
144345.996,144302.3,43.696000000014905,02021-03-24
149523.73600000006,149480.04000000004,43.696000000014905,02021-03-25
147833.51600000006,147789.82000000004,43.696000000014905,02021-03-26
147125.73600000003,147082.04,43.696000000014905,02021-03-29
146467.63600000003,146423.94,43.696000000014905,02021-03-30
148319.38600000003,148275.69,43.696000000014905,02021-03-31
150718.896,150675.19999999998,43.696000000014905,02021-04-01
149945.13600000003,149901.44,43.696000000014905,02021-04-05
147067.83600000004,147024.14,43.696000000014905,02021-04-06
147391.58600000004,147347.89,43.696000000014905,02021-04-07
148042.80600000004,147999.11000000002,43.696000000014905,02021-04-08
147272.56600000002,147228.87,43.696000000014905,02021-04-09
148433.86600000004,148390.17,43.696000000014905,02021-04-12
147273.26600000003,147229.57,43.696000000014905,02021-04-13
149494.97600000002,149048.24,446.736000000019,32021-04-14
154230.33700000003,154071.081,159.25600000001896,12021-04-15
154162.52200000003,153718.866,443.65600000001893,02021-04-16
152230.18500000003,152071.06900000002,159.11600000001891,12021-04-19
150324.73700000002,99987.71100000001,50337.02600000001,02021-04-20
150547.374,100210.348,50337.02600000001,02021-04-21
149275.832,98938.80599999998,50337.02600000001,02021-04-22
150580.138,100243.112,50337.02600000001,02021-04-23
151580.296,151549.75999999998,30.53600000001461,12021-04-26
151743.363,151712.827,30.53600000001461,02021-04-27
151477.97600000002,151447.44,30.53600000001461,02021-04-28
151658.89500000002,151628.359,30.53600000001461,02021-04-29
149501.63400000002,100162.11800000002,49339.51600000001,02021-04-30
146485.337,97145.821,49339.51600000001,02021-05-03
145413.62900000002,95940.743,49472.88600000001,02021-05-04
144339.452,94866.56599999998,49472.88600000001,02021-05-05
144905.559,95432.673,49472.88600000001,02021-05-06
145230.49500000002,49338.519,95891.97600000002,02021-05-07
143731.01700000002,300.7399999999907,143430.27700000003,02021-05-10
143723.43700000003,293.1600000000035,143430.27700000003,02021-05-11
143730.05700000003,299.77999999999884,143430.27700000003,02021-05-12
143731.32700000002,301.04999999998836,143430.27700000003,02021-05-13
143731.92700000003,301.6499999999942,143430.27700000003,02021-05-14
143729.90700000004,299.63000000000466,143430.27700000003,02021-05-17
143728.54700000002,298.2699999999895,143430.27700000003,02021-05-18
143727.33700000003,297.0599999999977,143430.27700000003,02021-05-19
143728.46700000003,298.1900000000023,143430.27700000003,02021-05-20
143729.84700000004,299.570000000007,143430.27700000003,02021-05-21
143731.32700000002,143676.09,55.23700000002282,12021-05-24
145815.67700000003,145760.44,55.23700000002282,02021-05-25
146363.757,146308.52,55.23700000002282,02021-05-26
143859.537,143804.3,55.23700000002282,02021-05-27
145676.817,145399.12,277.69700000002285,12021-05-28
143180.58700000003,142902.89,277.69700000002285,02021-06-01
143141.42700000003,142863.73,277.69700000002285,02021-06-02
142382.29700000002,142242.5,139.79700000002285,12021-06-03
145655.027,145515.22999999998,139.79700000002285,02021-06-04
147087.25700000004,146947.46000000002,139.79700000002285,02021-06-07
147010.41700000004,146870.62000000002,139.79700000002285,02021-06-08
148590.657,148450.86,139.79700000002285,02021-06-09
154594.64700000003,154454.85,139.79700000002285,02021-06-10
156248.37700000004,156108.58000000002,139.79700000002285,02021-06-11
160767.567,160627.77,139.79700000002285,02021-06-14
158320.33700000003,158180.54,139.79700000002285,02021-06-15
156845.86700000003,156706.07,139.79700000002285,02021-06-16
159161.04700000002,159021.25,139.79700000002285,02021-06-17
163260.77700000003,163120.98,139.79700000002285,02021-06-18
163765.81700000004,163626.02000000002,139.79700000002285,02021-06-21
166183.737,166043.93999999997,139.79700000002285,02021-06-22
165748.52700000003,165608.73,139.79700000002285,02021-06-23
166912.05700000003,166772.26,139.79700000002285,02021-06-24
167315.427,167175.62999999998,139.79700000002285,02021-06-25
169950.087,169810.28999999998,139.79700000002285,02021-06-28
170513.127,170373.33,139.79700000002285,02021-06-29
169045.83700000003,168906.04,139.79700000002285,02021-06-30
168784.16700000002,168644.37,139.79700000002285,02021-07-01
171187.63700000005,171047.84000000003,139.79700000002285,02021-07-02
172290.957,172151.15999999997,139.79700000002285,02021-07-06
174840.92700000003,174701.13,139.79700000002285,02021-07-07
174893.16700000002,174753.37,139.79700000002285,02021-07-08
174476.20700000002,174336.41,139.79700000002285,02021-07-09
173237.477,173097.68,139.79700000002285,02021-07-12
174621.56700000004,174481.77000000002,139.79700000002285,02021-07-13
175720.847,175581.05,139.79700000002285,02021-07-14
174952.617,174725.88999999998,226.72700000002285,02021-07-15
174931.10700000005,174883.0615,48.045500000022855,12021-07-16
173765.225,173717.17949999997,48.045500000022855,02021-07-19
175687.01500000004,175490.01950000002,196.99550000002284,02021-07-20
176707.13550000003,176330.88,376.25550000002283,02021-07-21
179996.09550000002,179619.84,376.25550000002283,02021-07-22
180626.81550000003,180551.06,75.75550000002283,12021-07-23
179166.05550000002,179090.3,75.75550000002283,02021-07-26
178443.31550000003,178367.56,75.75550000002283,02021-07-27
179206.05550000002,179130.3,75.75550000002283,02021-07-28
179431.81550000003,179356.06,75.75550000002283,02021-07-29
179411.33550000004,179335.58000000002,75.75550000002283,02021-07-30
178583.47550000003,178507.72,75.75550000002283,02021-08-02
179312.93550000002,179237.18,75.75550000002283,02021-08-03
180581.6755,180505.91999999998,75.75550000002283,02021-08-04
182426.19550000003,182350.44,75.75550000002283,02021-08-05
182226.27550000002,182150.52,75.75550000002283,02021-08-06
181604.15550000005,181528.40000000002,75.75550000002283,02021-08-09
179449.91550000003,179374.16,75.75550000002283,02021-08-10
180688.6955,180612.93999999997,75.75550000002283,02021-08-11
183087.01550000004,183011.26,75.75550000002283,02021-08-12
183945.1755,183869.41999999998,75.75550000002283,02021-08-13
183836.29550000007,183760.54000000004,75.75550000002283,02021-08-16
183284.67550000004,183208.92,75.75550000002283,02021-08-17
180920.85550000003,180845.1,75.75550000002283,02021-08-18
184058.09550000002,183982.34,75.75550000002283,02021-08-19
186849.67550000004,186773.92,75.75550000002283,02021-08-20
189592.57550000004,189516.82,75.75550000002283,02021-08-23
189707.47550000003,189631.72,75.75550000002283,02021-08-24
189581.33550000002,189505.58,75.75550000002283,02021-08-25
188311.69550000003,188235.94,75.75550000002283,02021-08-26
190082.97550000003,190007.22,75.75550000002283,02021-08-27
192231.81550000003,192156.06,75.75550000002283,02021-08-30
191572.25550000003,191496.5,75.75550000002283,02021-08-31
192208.11550000004,192132.36000000002,75.75550000002283,02021-09-01
191850.63550000003,191774.88,75.75550000002283,02021-09-02
192409.11550000004,192333.36000000002,75.75550000002283,02021-09-03
190913.53550000003,190837.78,75.75550000002283,02021-09-07
191437.57550000004,191361.82,75.75550000002283,02021-09-08
190994.05550000002,190918.3,75.75550000002283,02021-09-09
190194.63550000006,190118.88000000003,75.75550000002283,02021-09-10
186223.7955,186167.72749999998,56.068000000028405,12021-09-13
185841.14800000002,185437.5,403.6480000000284,02021-09-14
187227.3605,186823.7125,403.6480000000284,02021-09-15
187896.548,187492.9,403.6480000000284,02021-09-16
186514.09800000003,186110.45,403.6480000000284,02021-09-17
180774.1355,0.0,180774.1355,02021-09-20
180774.1355,0.0,180774.1355,02021-09-21
180774.1355,0.0,180774.1355,02021-09-22
180774.1355,0.0,180774.1355,02021-09-23
180774.1355,0.0,180774.1355,02021-09-24
180774.1355,0.0,180774.1355,02021-09-27
180774.1355,0.0,180774.1355,02021-09-28
180774.1355,0.0,180774.1355,02021-09-29
180774.1355,0.0,180774.1355,02021-09-30
180774.1355,0.0,180774.1355,02021-10-01
180774.1355,0.0,180774.1355,02021-10-04
180774.1355,0.0,180774.1355,02021-10-05
180774.1355,0.0,180774.1355,02021-10-06
180774.1355,180757.83000000002,16.30549999998766,12021-10-07
183021.4355,183005.13,16.30549999998766,02021-10-08
185520.70549999998,185504.4,16.30549999998766,02021-10-11
189620.3255,189604.02000000002,16.30549999998766,02021-10-12
196123.8755,196107.57,16.30549999998766,02021-10-13
199345.00549999997,199328.69999999998,16.30549999998766,02021-10-14
199236.0455,199219.74000000002,16.30549999998766,02021-10-15
200563.9955,200547.69,16.30549999998766,02021-10-18
200026.00549999997,200009.69999999998,16.30549999998766,02021-10-19
200155.39549999998,200139.09,16.30549999998766,02021-10-20
198343.9355,198327.63,16.30549999998766,02021-10-21
200175.8255,200159.52000000002,16.30549999998766,02021-10-22
200489.0855,200472.78,16.30549999998766,02021-10-25
200809.1555,200792.85,16.30549999998766,02021-10-26
205296.94549999997,205280.63999999998,16.30549999998766,02021-10-27
204186.9155,204170.61000000002,16.30549999998766,02021-10-28
202947.4955,202931.19,16.30549999998766,02021-10-29
203008.78549999997,202992.47999999998,16.30549999998766,02021-11-01
205766.8355,205750.53,16.30549999998766,02021-11-02
205140.31549999997,205124.00999999998,16.30549999998766,02021-11-03
210656.4155,210640.11000000002,16.30549999998766,02021-11-04
212896.9055,212880.6,16.30549999998766,02021-11-05
213741.34549999997,213725.03999999998,16.30549999998766,02021-11-08
214034.17549999998,214017.87,16.30549999998766,02021-11-09
211480.42549999998,211464.12,16.30549999998766,02021-11-10
211126.3055,211110.0,16.30549999998766,02021-11-11
206904.1055,206887.80000000002,16.30549999998766,02021-11-12
205337.8055,205321.5,16.30549999998766,02021-11-15
203968.9955,203952.69,16.30549999998766,02021-11-16
201755.7455,201739.44,16.30549999998766,02021-11-17
202777.2455,202760.94,16.30549999998766,02021-11-18
202627.42549999998,201936.6775,690.7479999999778,42021-11-19
196689.77549999996,195999.02749999997,690.7479999999778,02021-11-22
194770.648,194079.90000000002,690.7479999999778,02021-11-23
197287.51549999998,149302.9975,47984.517999999975,02021-11-24
194818.76799999998,146834.25,47984.517999999975,02021-11-26
199763.62549999997,151779.10749999998,47984.517999999975,02021-11-29
196576.0305,100369.30000000002,96206.73049999998,02021-11-30
192658.41049999997,96451.68,96206.73049999998,02021-12-01
194224.97049999997,48971.0,145253.97049999997,02021-12-02
192057.22049999997,46803.25,145253.97049999997,02021-12-03
190448.47049999997,0.0,190448.47049999997,02021-12-06
190448.47049999997,0.0,190448.47049999997,02021-12-07
190448.47049999997,0.0,190448.47049999997,02021-12-08
190448.47049999997,0.0,190448.47049999997,02021-12-09
190448.47049999997,190361.22,87.25049999996554,12021-12-10
185077.09049999996,184989.84,87.25049999996554,02021-12-13
188036.83049999998,187949.58000000002,87.25049999996554,02021-12-14
183761.6505,183674.40000000002,87.25049999996554,02021-12-15
184516.81049999996,184429.56,87.25049999996554,02021-12-16
183298.81049999996,183211.56,87.25049999996554,02021-12-17
187610.53049999996,187523.28,87.25049999996554,02021-12-20
191045.29049999997,190776.72000000003,268.5704999999434,12021-12-21
192534.73049999995,192266.16,268.5704999999434,02021-12-22
194293.81049999996,194025.24000000002,268.5704999999434,02021-12-23
195430.15049999996,195161.58000000002,268.5704999999434,02021-12-27
196335.37049999993,196066.8,268.5704999999434,02021-12-28
195365.95049999995,195097.38,268.5704999999434,02021-12-29
195603.49049999993,195334.91999999998,268.5704999999434,02021-12-30
190178.59049999993,189910.02,268.5704999999434,02021-12-31
192496.21049999996,192227.64,268.5704999999434,02022-01-03
195590.65049999996,195322.08000000002,268.5704999999434,02022-01-04
191597.41049999994,191328.84,268.5704999999434,02022-01-05
191205.79049999997,191073.45000000004,132.34049999994343,12022-01-06
189718.54049999994,189454.2,264.3404999999434,02022-01-07
191285.02049999996,0.0,191285.02049999996,02022-01-10
191285.02049999996,0.0,191285.02049999996,02022-01-11
191285.02049999996,0.0,191285.02049999996,02022-01-12
191285.02049999996,0.0,191285.02049999996,02022-01-13
191285.02049999996,0.0,191285.02049999996,02022-01-14
191285.02049999996,0.0,191285.02049999996,02022-01-18
191285.02049999996,0.0,191285.02049999996,02022-01-19
191285.02049999996,0.0,191285.02049999996,02022-01-20
191285.02049999996,0.0,191285.02049999996,02022-01-21
191285.02049999996,0.0,191285.02049999996,02022-01-24
191285.02049999996,0.0,191285.02049999996,02022-01-25
191285.02049999996,0.0,191285.02049999996,02022-01-26
191285.02049999996,0.0,191285.02049999996,02022-01-27
191285.02049999996,0.0,191285.02049999996,02022-01-28
191285.02049999996,0.0,191285.02049999996,02022-01-31
191285.02049999996,0.0,191285.02049999996,02022-02-01
191285.02049999996,190846.22,438.8004999999539,12022-02-02
183315.94049999994,182877.13999999998,438.8004999999539,02022-02-03
184286.12049999993,184268.42999999996,17.690499999953886,12022-02-04
181981.92049999998,181964.23,17.690499999953886,02022-02-07
183499.99049999999,183482.30000000002,17.690499999953886,02022-02-08
187229.17049999998,187211.48,17.690499999953886,02022-02-09
177646.45049999998,177628.76,17.690499999953886,02022-02-10
170104.58049999998,169948.75550000003,155.82499999996799,22022-02-11
171959.13599999994,171803.311,155.82499999996799,02022-02-14
178092.61149999997,177531.3365,561.274999999968,02022-02-15
176140.6615,175579.38650000002,561.274999999968,02022-02-16
170249.2375,169687.96250000002,561.274999999968,02022-02-17
170208.57449999996,84388.6295,85819.94499999996,02022-02-18
168879.16249999998,0.0,168879.16249999998,02022-02-22
168879.16249999998,0.0,168879.16249999998,02022-02-23
168879.16249999998,0.0,168879.16249999998,02022-02-24
168879.16249999998,0.0,168879.16249999998,02022-02-25
168879.16249999998,0.0,168879.16249999998,02022-02-28
168879.16249999998,0.0,168879.16249999998,02022-03-01
168879.16249999998,0.0,168879.16249999998,02022-03-02
168879.16249999998,168865.84,13.32249999998021,12022-03-03
163495.60249999998,0.0,163495.60249999998,02022-03-04
163495.60249999998,163192.65999999997,302.9424999999901,22022-03-07
164787.84249999997,164484.89999999997,302.9424999999901,02022-03-08
169061.3225,168758.38,302.9424999999901,02022-03-09
164303.5625,164000.62,302.9424999999901,02022-03-10
158380.1825,80630.56000000001,77749.62249999998,02022-03-11
160086.5825,0.0,160086.5825,02022-03-14
160086.5825,0.0,160086.5825,02022-03-15
160086.5825,0.0,160086.5825,02022-03-16
160086.5825,159988.0,98.58249999998952,12022-03-17
158959.58249999996,158860.99999999997,98.58249999998952,02022-03-18
160282.0825,160183.5,98.58249999998952,02022-03-21
154405.5825,154307.0,98.58249999998952,02022-03-22
156970.0825,156871.5,98.58249999998952,02022-03-23
156165.0825,156066.5,98.58249999998952,02022-03-24
155831.5825,155733.0,98.58249999998952,02022-03-25
159281.5825,159183.0,98.58249999998952,02022-03-28
155877.5825,155779.0,98.58249999998952,02022-03-29
152278.0825,152179.5,98.58249999998952,02022-03-30
154164.0825,154065.5,98.58249999998952,02022-03-31
155130.08250000002,154639.15000000002,490.9325000000026,42022-04-01
157845.873,157354.9405,490.9325000000026,02022-04-04
154399.5475,115667.055,38732.4925,02022-04-05
152140.9945,113408.50200000001,38732.4925,02022-04-06
152589.499,113857.00650000002,38732.4925,02022-04-07
150972.18099999998,75632.54999999999,75339.631,02022-04-08
149742.93099999998,74403.29999999999,75339.631,02022-04-11
149426.071,74086.44,75339.631,02022-04-12
149366.43099999998,0.0,149366.43099999998,02022-04-13
149366.43099999998,0.0,149366.43099999998,02022-04-14
149366.43099999998,0.0,149366.43099999998,02022-04-18
149366.43099999998,0.0,149366.43099999998,02022-04-19
149366.43099999998,0.0,149366.43099999998,02022-04-20
149366.43099999998,0.0,149366.43099999998,02022-04-21
149366.43099999998,0.0,149366.43099999998,02022-04-22
149366.43099999998,0.0,149366.43099999998,02022-04-25
149366.43099999998,0.0,149366.43099999998,02022-04-26
149366.43099999998,0.0,149366.43099999998,02022-04-27
149366.43099999998,0.0,149366.43099999998,02022-04-28
149366.43099999998,0.0,149366.43099999998,02022-04-29
149366.43099999998,0.0,149366.43099999998,02022-05-02
149366.43099999998,0.0,149366.43099999998,02022-05-03
149366.43099999998,0.0,149366.43099999998,02022-05-04
149366.43099999998,0.0,149366.43099999998,02022-05-05
149366.43099999998,0.0,149366.43099999998,02022-05-06
149366.43099999998,149316.44,49.99099999997998,12022-05-09
153464.161,153414.17,49.99099999997998,02022-05-10
152063.67099999997,152013.68,49.99099999997998,02022-05-11
150576.73099999997,150526.74,49.99099999997998,02022-05-12
164512.471,164462.48,49.99099999997998,02022-05-13
162990.95099999997,162940.96,49.99099999997998,02022-05-16
177220.62099999998,177170.63,49.99099999997998,02022-05-17
166518.11099999998,166468.12,49.99099999997998,02022-05-18
167192.42099999997,167142.43,49.99099999997998,02022-05-19
161711.49099999998,161661.5,49.99099999997998,02022-05-20
164426.02099999998,164376.03,49.99099999997998,02022-05-23
157665.63099999996,157615.63999999998,49.99099999997998,02022-05-24
160241.841,160191.85,49.99099999997998,02022-05-25
170788.74099999998,170738.75,49.99099999997998,02022-05-26
176857.531,176807.54,49.99099999997998,02022-05-27
176165.93099999998,176115.94,49.99099999997998,02022-05-31
175059.37099999998,175009.38,49.99099999997998,02022-06-01
187802.101,187752.11000000002,49.99099999997998,02022-06-02
183842.69099999996,183792.69999999998,49.99099999997998,02022-06-03
182718.841,182668.85,49.99099999997998,02022-06-06
182079.11099999998,182029.12,49.99099999997998,02022-06-07
176235.091,176185.1,49.99099999997998,02022-06-08
170875.19099999996,170825.19999999998,49.99099999997998,02022-06-09
163993.77099999998,163943.78,49.99099999997998,02022-06-10
150455.70099999997,150405.71,49.99099999997998,02022-06-13
150455.70099999997,0.0,150455.70099999997,02022-06-14
150455.70099999997,0.0,150455.70099999997,02022-06-15
150455.70099999997,0.0,150455.70099999997,02022-06-16
150455.70099999997,0.0,150455.70099999997,02022-06-17
150455.70099999997,0.0,150455.70099999997,02022-06-21
150455.70099999997,0.0,150455.70099999997,02022-06-22
150455.70099999997,0.0,150455.70099999997,02022-06-23
150455.70099999997,0.0,150455.70099999997,02022-06-24
150455.70099999997,150356.18,99.52099999997881,22022-06-27
146783.42099999997,146683.9,99.52099999997881,02022-06-28
146971.201,146871.68000000002,99.52099999997881,02022-06-29
145875.46099999998,145775.94,99.52099999997881,02022-06-30
147238.061,147138.54,99.52099999997881,02022-07-01
149001.721,148601.07,400.6509999999762,22022-07-05
150764.731,150364.08000000002,400.6509999999762,02022-07-06
152680.631,152279.98,400.6509999999762,02022-07-07
152200.251,75081.04000000001,77119.21099999998,02022-07-08
150512.451,150500.74000000002,11.71099999998114,12022-07-11
147751.84100000001,147740.13000000003,11.71099999998114,02022-07-12
147377.531,147365.82,11.71099999998114,02022-07-13
148529.02099999995,148517.30999999997,11.71099999998114,02022-07-14
150085.96099999998,150074.25,11.71099999998114,02022-07-15
150978.601,150965.2,13.400999999976193,12022-07-18
157242.65099999995,157229.24999999997,13.400999999976193,02022-07-19
163286.72099999996,163273.31999999998,13.400999999976193,02022-07-20
166025.24099999998,166011.84,13.400999999976193,02022-07-21
162495.80099999998,162482.4,13.400999999976193,02022-07-22
160400.341,160386.94,13.400999999976193,02022-07-25
153786.27099999998,153772.87,13.400999999976193,02022-07-26
161372.62099999998,161359.22,13.400999999976193,02022-07-27
164135.91099999996,164122.50999999998,13.400999999976193,02022-07-28
174760.75099999996,174747.34999999998,13.400999999976193,02022-07-29
176181.77099999998,176168.37,13.400999999976193,02022-08-01
176335.39099999997,176321.99,13.400999999976193,02022-08-02
180916.45099999997,180903.05,13.400999999976193,02022-08-03
186186.06099999996,186172.65999999997,13.400999999976193,02022-08-04
184531.441,184518.04,13.400999999976193,02022-08-05
182668.29099999997,182654.88999999998,13.400999999976193,02022-08-08
178817.611,178804.21000000002,13.400999999976193,02022-08-09
184873.45099999997,184860.05,13.400999999976193,02022-08-10
182706.49099999998,182693.09,13.400999999976193,02022-08-11
186960.581,186947.18000000002,13.400999999976193,02022-08-12
187303.97099999996,187290.56999999998,13.400999999976193,02022-08-15
187713.52099999998,187700.12,13.400999999976193,02022-08-16
184064.55099999998,184051.15,13.400999999976193,02022-08-17
185281.23099999997,185267.83,13.400999999976193,02022-08-18
179128.28599999996,178905.26499999998,223.02099999997154,22022-08-19
174169.811,173946.79,223.02099999997154,02022-08-22
174630.77099999998,42400.17999999999,132230.591,02022-08-23
175313.96099999998,43083.369999999995,132230.591,02022-08-24
173990.68099999998,20519.459999999992,153471.221,02022-08-25
173712.601,20241.380000000005,153471.221,02022-08-26
173739.46099999998,0.0,173739.46099999998,02022-08-29
173739.46099999998,0.0,173739.46099999998,02022-08-30
173739.46099999998,0.0,173739.46099999998,02022-08-31
173739.46099999998,0.0,173739.46099999998,02022-09-01
173739.46099999998,0.0,173739.46099999998,02022-09-02
173739.46099999998,0.0,173739.46099999998,02022-09-06
173739.46099999998,0.0,173739.46099999998,02022-09-07
173739.46099999998,0.0,173739.46099999998,02022-09-08
173739.46099999998,173718.54,20.92099999997299,12022-09-09
165877.60099999997,165856.68,20.92099999997299,02022-09-12
165517.42099999997,165496.5,20.92099999997299,02022-09-13
165405.64099999997,165384.72,20.92099999997299,02022-09-14
161344.30099999995,161323.37999999998,20.92099999997299,02022-09-15
162375.16099999996,162354.24,20.92099999997299,02022-09-16
159170.80099999995,159149.87999999998,20.92099999997299,02022-09-19
157109.08099999998,0.0,157109.08099999998,02022-09-20
157109.08099999998,0.0,157109.08099999998,02022-09-21
157109.08099999998,0.0,157109.08099999998,02022-09-22
157109.08099999998,0.0,157109.08099999998,02022-09-23
157109.08099999998,0.0,157109.08099999998,02022-09-26
157109.08099999998,0.0,157109.08099999998,02022-09-27
157109.08099999998,0.0,157109.08099999998,02022-09-28
157109.08099999998,0.0,157109.08099999998,02022-09-29
157109.08099999998,0.0,157109.08099999998,02022-09-30
157109.08099999998,0.0,157109.08099999998,02022-10-03
157109.08099999998,0.0,157109.08099999998,02022-10-04
157109.08099999998,157029.84,79.24099999997998,12022-10-05
151477.96099999998,151398.72,79.24099999997998,02022-10-06
149707.841,149628.6,79.24099999997998,02022-10-07
149339.561,149260.32,79.24099999997998,02022-10-10
149398.96099999998,149319.72,79.24099999997998,02022-10-11
152024.441,151945.2,79.24099999997998,02022-10-12
149410.841,149331.6,79.24099999997998,02022-10-13
155184.52099999998,155105.28,79.24099999997998,02022-10-14
157251.641,157172.40000000002,79.24099999997998,02022-10-17
153283.721,153204.48,79.24099999997998,02022-10-18
149695.96099999998,149615.16999999998,80.79099999999744,12022-10-19
150968.411,150887.62,80.79099999999744,02022-10-20
152959.421,152878.63,80.79099999999744,02022-10-21
157874.57100000003,157793.78000000003,80.79099999999744,02022-10-24
161652.00100000002,161571.21000000002,80.79099999999744,02022-10-25
160000.31100000002,159919.52000000002,80.79099999999744,02022-10-26
159087.14099999997,159006.34999999998,80.79099999999744,02022-10-27
162595.111,162514.32,80.79099999999744,02022-10-28
159012.291,158931.5,80.79099999999744,02022-10-31
157774.77099999998,157693.97999999998,80.79099999999744,02022-11-01
150389.57100000003,150308.78000000003,80.79099999999744,02022-11-02
142759.861,142679.07,80.79099999999744,02022-11-03
142670.041,142589.25,80.79099999999744,02022-11-04
149551.25100000002,149452.45,98.8010000000213,32022-11-07
149026.181,148927.38,98.8010000000213,02022-11-08
150925.14100000003,150826.34000000003,98.8010000000213,02022-11-09
158202.35100000002,158103.55,98.8010000000213,02022-11-10
161722.16100000002,161623.36,98.8010000000213,02022-11-11
163158.54100000003,163059.74,98.8010000000213,02022-11-14
165188.30100000004,165089.5,98.8010000000213,02022-11-15
161006.56100000005,160907.76,98.8010000000213,02022-11-16
163142.49100000004,163043.69,98.8010000000213,02022-11-17
162492.521,162393.71999999997,98.8010000000213,02022-11-18
168067.10100000002,167968.3,98.8010000000213,02022-11-21
169551.35100000002,169452.55,98.8010000000213,02022-11-22
171347.60100000002,171248.8,98.8010000000213,02022-11-23
167720.06100000002,167621.26,98.8010000000213,02022-11-25
165290.04100000003,165191.24,98.8010000000213,02022-11-28
168302.88100000002,168204.08000000002,98.8010000000213,02022-11-29
172392.621,172293.82,98.8010000000213,02022-11-30
173238.97100000002,173140.16999999998,98.8010000000213,02022-12-01
169587.021,169488.21999999997,98.8010000000213,02022-12-02
167522.85100000002,167424.05,98.8010000000213,02022-12-05
166343.25100000002,166244.45,98.8010000000213,02022-12-06
167909.28100000002,167608.8,300.4810000000216,12022-12-07
166751.711,166451.22999999998,300.4810000000216,02022-12-08
168175.871,112111.91999999998,56063.95100000002,02022-12-09
170458.68100000004,57244.000000000015,113214.68100000003,02022-12-12
170435.80100000004,170387.23,48.57100000002538,12022-12-13
165985.47100000002,165936.9,48.57100000002538,02022-12-14
164876.79100000003,55689.92,109186.87100000003,02022-12-15
164401.59100000001,55214.71999999999,109186.87100000003,02022-12-16
164193.91100000002,164155.36,38.551000000035856,12022-12-19
167677.83100000006,167639.28000000003,38.551000000035856,02022-12-20
168394.31100000005,168355.76,38.551000000035856,02022-12-21
166682.23100000003,166643.68,38.551000000035856,02022-12-22
167351.151,112365.39999999998,54985.75100000003,02022-12-23
166235.63100000002,111249.87999999999,54985.75100000003,02022-12-27
163991.31100000005,0.0,163991.31100000005,02022-12-28
163991.31100000005,0.0,163991.31100000005,02022-12-29
163991.31100000005,163890.11,101.20100000005914,12022-12-30
164181.24100000007,164106.93999999997,74.30100000009406,12023-01-03
164657.3210000001,164583.02000000002,74.30100000009406,02023-01-04
159853.24100000007,159778.93999999997,74.30100000009406,02023-01-05
159636.8410000001,159562.54,74.30100000009406,02023-01-06
168033.16100000008,167958.86,74.30100000009406,02023-01-09
171214.24100000007,171139.93999999997,74.30100000009406,02023-01-10
169396.48100000012,169322.18000000002,74.30100000009406,02023-01-11
169861.74100000007,169787.43999999997,74.30100000009406,02023-01-12
168217.1010000001,168142.80000000002,74.30100000009406,02023-01-13
166778.04100000008,166703.74,74.30100000009406,02023-01-17
165479.6410000001,165405.34,74.30100000009406,02023-01-18
168779.74100000007,168705.43999999997,74.30100000009406,02023-01-19
172177.2210000001,172102.92,74.30100000009406,02023-01-20
168530.88100000008,168456.58,74.30100000009406,02023-01-23
168606.62100000007,168532.31999999998,74.30100000009406,02023-01-24
169115.16100000008,169040.86,74.30100000009406,02023-01-25
168530.88100000008,168456.58,74.30100000009406,02023-01-26
164256.98100000012,163933.16999999998,323.8110000001252,32023-01-27
160139.50100000013,160136.2,3.3010000001252138,12023-01-30
164494.86100000012,164491.56,3.3010000001252138,02023-01-31
174438.93100000013,174435.63,3.3010000001252138,02023-02-01
182466.0410000001,182462.74,3.3010000001252138,02023-02-02
173862.83100000012,173859.53,3.3010000001252138,02023-02-03
170865.16100000014,170576.79,288.3710000001252,02023-02-06
173709.42100000012,173421.05,288.3710000001252,02023-02-07
170918.98100000012,170630.61,288.3710000001252,02023-02-08
168501.3010000001,168212.92999999996,288.3710000001252,02023-02-09
166199.73100000012,165911.36,288.3710000001252,02023-02-10
169019.65100000013,115477.38,53542.271000000124,02023-02-13
171493.27100000012,117951.0,53542.271000000124,02023-02-14
170646.1310000001,117103.85999999999,53542.271000000124,02023-02-15
165358.87100000013,58138.08,107220.79100000013,02023-02-16
164211.79100000014,56991.000000000015,107220.79100000013,02023-02-17
162955.81100000013,0.0,162955.81100000013,02023-02-21
162955.81100000013,0.0,162955.81100000013,02023-02-22
162955.81100000013,0.0,162955.81100000013,02023-02-23
162955.81100000013,0.0,162955.81100000013,02023-02-24
162955.81100000013,0.0,162955.81100000013,02023-02-27
162955.81100000013,0.0,162955.81100000013,02023-02-28
162955.81100000013,162952.74,3.071000000141794,12023-03-01
164490.31100000013,164487.24,3.071000000141794,02023-03-02
163564.03100000013,163560.96,3.071000000141794,02023-03-03
162598.69100000014,162595.62,3.071000000141794,02023-03-06
161845.39100000015,161842.32,3.071000000141794,02023-03-07
158519.71100000013,158516.63999999998,3.071000000141794,02023-03-08
156951.73100000015,156948.66,3.071000000141794,02023-03-09
156795.49100000015,156792.42,3.071000000141794,02023-03-10
159535.27100000012,159532.19999999998,3.071000000141794,02023-03-13
154591.39100000015,154217.58000000002,373.81100000014703,22023-03-14
156625.16100000014,156251.34999999998,373.81100000014703,02023-03-15
167281.60100000014,167207.91,73.69100000014703,12023-03-16
169493.60100000017,169419.91000000003,73.69100000014703,02023-03-17
169675.33100000015,169601.64,73.69100000014703,02023-03-20
171526.53100000016,171452.84000000003,73.69100000014703,02023-03-21
170087.94100000014,170014.25,73.69100000014703,02023-03-22
174156.06100000016,174082.37000000002,73.69100000014703,02023-03-23
173473.69100000017,173400.00000000003,73.69100000014703,02023-03-24
171872.09100000013,171798.4,73.69100000014703,02023-03-27
170117.29100000014,170043.6,73.69100000014703,02023-03-28
172807.87100000016,172734.18000000002,73.69100000014703,02023-03-29
175026.63100000014,174952.94,73.69100000014703,02023-03-30
175946.86100000015,175873.17,73.69100000014703,02023-03-31
173441.88100000014,173368.19,73.69100000014703,02023-04-03
174008.40100000016,173835.16,173.2410000001546,22023-04-04
172978.34100000016,172805.1,173.2410000001546,02023-04-05
172863.21100000016,172689.97,173.2410000001546,02023-04-06
172294.79100000014,172121.55,173.2410000001546,02023-04-10
171325.90100000016,171152.66,173.2410000001546,02023-04-11
172075.86100000015,171902.62,173.2410000001546,02023-04-12
173223.73100000015,85547.68999999999,87676.04100000016,02023-04-13
173525.51100000014,85849.46999999999,87676.04100000016,02023-04-14
173397.48100000015,85413.21999999999,87984.26100000016,02023-04-17
173781.34100000016,85797.08,87984.26100000016,02023-04-18
173032.98100000015,85048.71999999999,87984.26100000016,02023-04-19
173660.19100000017,85675.93000000001,87984.26100000016,02023-04-20
174060.84100000016,173997.7,63.14100000016333,12023-04-21
170462.04100000014,170126.37999999998,335.6610000001674,12023-04-24
166021.47100000014,165685.80999999997,335.6610000001674,02023-04-25
168166.14100000018,129709.18000000001,38456.96100000017,02023-04-26
172588.64100000018,134131.68,38456.96100000017,02023-04-27
169267.68100000016,130810.71999999999,38456.96100000017,02023-04-28
165943.93100000016,127486.96999999999,38456.96100000017,02023-05-01
167430.43100000016,128973.46999999999,38456.96100000017,02023-05-02
167026.69100000017,128569.73,38456.96100000017,02023-05-03
168153.26100000017,129696.3,38456.96100000017,02023-05-04
169346.79100000017,130889.83,38456.96100000017,02023-05-05
167160.28100000016,167068.82,91.46100000015576,12023-05-08
167337.15100000016,125384.14000000001,41953.01100000015,02023-05-09
169922.39100000015,127969.38,41953.01100000015,02023-05-10
170027.91100000014,128074.9,41953.01100000015,02023-05-11
167600.95100000018,167546.74000000002,54.21100000014849,12023-05-12
170780.81100000016,170726.6,54.21100000014849,02023-05-15
176998.33100000015,176944.12,54.21100000014849,02023-05-16
180790.46100000016,180736.25,54.21100000014849,02023-05-17
187310.88100000017,187256.67,54.21100000014849,02023-05-18
183805.79100000014,183751.58,54.21100000014849,02023-05-19
186210.01100000017,186155.80000000002,54.21100000014849,02023-05-22
186360.69100000017,186306.48,54.21100000014849,02023-05-23
187227.34100000016,187173.13,54.21100000014849,02023-05-24
202495.86100000015,202441.65,54.21100000014849,02023-05-25
213248.58100000018,213194.37000000002,54.21100000014849,02023-05-26
211516.14100000015,211461.93,54.21100000014849,02023-05-30
201793.60100000014,201739.38999999998,54.21100000014849,02023-05-31
204287.74100000015,204233.53,54.21100000014849,02023-06-01
202726.55100000015,202672.34,54.21100000014849,02023-06-02
203217.88100000017,203163.67,54.21100000014849,02023-06-05
212025.38100000017,211971.17,54.21100000014849,02023-06-06
201539.38100000014,201485.16999999998,54.21100000014849,02023-06-07
206934.16100000014,206879.94999999998,54.21100000014849,02023-06-08
211727.09100000016,211672.88,54.21100000014849,02023-06-09
218552.42100000015,218498.21,54.21100000014849,02023-06-12
212440.08100000015,212385.87,54.21100000014849,02023-06-13
216042.08100000015,215987.87,54.21100000014849,02023-06-14
212228.57100000017,212174.36000000002,54.21100000014849,02023-06-15
206125.93100000016,206071.72,54.21100000014849,02023-06-16
204719.28100000016,204665.07,54.21100000014849,02023-06-20
195362.70100000015,195308.49,54.21100000014849,02023-06-21
195524.51100000017,195470.30000000002,54.21100000014849,02023-06-22
194302.80100000015,193541.15999999997,761.6410000001633,32023-06-23
193327.73100000017,144813.77000000002,48513.96100000016,02023-06-26
194981.85100000017,146467.89,48513.96100000016,02023-06-27
194827.73100000017,146313.77000000002,48513.96100000016,02023-06-28
195330.23100000015,146816.27,48513.96100000016,02023-06-29
196368.5310000002,99444.56000000003,96923.97100000017,02023-06-30
194786.5310000002,194419.35000000003,367.1810000001715,12023-07-03
195233.44100000017,97901.51999999999,97331.92100000018,02023-07-05
194297.8410000002,194186.5,111.34100000017497,12023-07-06
196175.64100000018,196064.3,111.34100000017497,02023-07-07
197176.64100000018,197053.04,123.60100000016973,22023-07-10
199328.64100000018,199205.04,123.60100000016973,02023-07-11
201186.61100000018,201063.01,123.60100000016973,02023-07-12
204887.87100000016,204764.27,123.60100000016973,02023-07-13
204234.13100000017,204110.53,123.60100000016973,02023-07-14
206032.36100000018,205908.76,123.60100000016973,02023-07-17
208459.95100000018,208336.35,123.60100000016973,02023-07-18
208381.08100000015,208257.47999999998,123.60100000016973,02023-07-19
203563.51100000017,203439.91,123.60100000016973,02023-07-20
204425.01100000017,204301.41,123.60100000016973,02023-07-21
204545.80100000015,204422.19999999998,123.60100000016973,02023-07-24
205717.0310000002,205462.22000000003,254.81100000016886,12023-07-25
202784.52100000015,202529.71,254.81100000016886,02023-07-26
202622.97100000017,153633.16,48989.81100000017,02023-07-27
204905.4710000002,155915.66000000003,48989.81100000017,02023-07-28
208314.94100000017,159325.13,48989.81100000017,02023-07-31
209734.84100000016,160745.03,48989.81100000017,02023-08-01
204009.44100000017,155019.63,48989.81100000017,02023-08-02
203150.80100000015,131691.02,71459.78100000016,02023-08-03
203824.09100000013,132364.30999999997,71459.78100000016,02023-08-04
204776.99100000018,204613.50000000003,163.49100000016188,22023-08-07
200654.25100000016,200618.39,35.86100000016188,12023-08-08
197406.08100000015,197242.56999999998,163.51100000016189,02023-08-09
197963.39100000018,197926.74000000002,36.651000000161886,12023-08-10
195309.09100000016,92565.54000000001,102743.55100000015,02023-08-11
197892.35100000017,48341.16,149551.19100000017,02023-08-14
196893.36100000015,47342.169999999984,149551.19100000017,02023-08-15
196001.05100000018,46449.860000000015,149551.19100000017,02023-08-16
195625.58100000018,45955.140000000014,149670.44100000017,02023-08-17
195364.90100000016,45694.45999999999,149670.44100000017,02023-08-18
195865.68100000016,46195.23999999999,149670.44100000017,02023-08-21
195718.19100000017,0.0,195718.19100000017,02023-08-22
195718.19100000017,0.0,195718.19100000017,02023-08-23
195718.19100000017,0.0,195718.19100000017,02023-08-24
195718.19100000017,0.0,195718.19100000017,02023-08-25
195718.19100000017,195294.06,424.131000000154,22023-08-28
198297.17100000015,197873.03999999998,424.131000000154,02023-08-29
199168.54100000014,198744.40999999997,424.131000000154,02023-08-30
202583.35100000014,202159.21999999997,424.131000000154,02023-08-31
201523.87100000016,201099.74,424.131000000154,02023-09-01
202047.60100000014,201989.46,58.14100000015404,32023-09-05
201088.63100000014,201030.49,58.14100000015404,02023-09-06
202945.04100000014,202886.9,58.14100000015404,02023-09-07
204354.20100000018,204182.96000000002,171.24100000015403,02023-09-08
204900.28100000016,204729.04,171.24100000015403,02023-09-11
201126.71100000016,200955.47,171.24100000015403,02023-09-12
204210.14100000015,204038.9,171.24100000015403,02023-09-13
202622.66100000017,202451.42,171.24100000015403,02023-09-14
197472.37100000016,197301.13,171.24100000015403,02023-09-15
198022.46100000016,99783.57,98238.89100000015,02023-09-18
196551.58100000015,98312.69,98238.89100000015,02023-09-19
193968.49100000015,95729.6,98238.89100000015,02023-09-20
193819.34100000013,95580.44999999998,98238.89100000015,02023-09-21
194808.14100000015,0.0,194808.14100000015,02023-09-22
194808.14100000015,0.0,194808.14100000015,02023-09-25
194808.14100000015,0.0,194808.14100000015,02023-09-26
194808.14100000015,0.0,194808.14100000015,02023-09-27
194808.14100000015,0.0,194808.14100000015,02023-09-28
194808.14100000015,0.0,194808.14100000015,02023-09-29
194808.14100000015,0.0,194808.14100000015,02023-10-02
194808.14100000015,0.0,194808.14100000015,02023-10-03
194808.14100000015,0.0,194808.14100000015,02023-10-04
194808.14100000015,194705.72,102.42100000014761,12023-10-05
203000.50100000013,202898.08,102.42100000014761,02023-10-06
202489.66100000014,202387.24,102.42100000014761,02023-10-09
206349.34100000016,206246.92,102.42100000014761,02023-10-10
205024.94100000017,204922.52000000002,102.42100000014761,02023-10-11
205933.10100000017,205830.68000000002,102.42100000014761,02023-10-12
198932.70100000015,198830.28,102.42100000014761,02023-10-13
201524.74100000013,201422.31999999998,102.42100000014761,02023-10-16
199027.30100000015,198924.88,102.42100000014761,02023-10-17
193408.06100000016,193305.64,102.42100000014761,02023-10-18
193843.22100000017,193740.80000000002,102.42100000014761,02023-10-19
192726.94100000017,192624.52000000002,102.42100000014761,02023-10-20
189321.34100000016,189112.07,209.27100000015344,22023-10-23
190666.59100000013,94422.99999999997,96243.59100000016,02023-10-24
187443.09100000016,91199.5,96243.59100000016,02023-10-25
186242.59100000016,89999.0,96243.59100000016,02023-10-26
185164.59100000016,0.0,185164.59100000016,02023-10-27
185164.59100000016,0.0,185164.59100000016,02023-10-30
185164.59100000016,0.0,185164.59100000016,02023-10-31
185164.59100000016,0.0,185164.59100000016,02023-11-01
185164.59100000016,185151.87,12.721000000165077,12023-11-02
185875.32100000017,185862.6,12.721000000165077,02023-11-03
187404.0610000002,187391.34000000003,12.721000000165077,02023-11-06
191386.83100000018,191374.11000000002,12.721000000165077,02023-11-07
190542.0010000002,190529.28000000003,12.721000000165077,02023-11-08
188557.32100000017,188544.6,12.721000000165077,02023-11-09
192526.68100000016,192513.96,12.721000000165077,02023-11-10
191225.91100000017,191213.19,12.721000000165077,02023-11-13
195530.52100000018,195517.80000000002,12.721000000165077,02023-11-14
192043.92100000015,192031.19999999998,12.721000000165077,02023-11-15
191547.7510000002,191535.03000000003,12.721000000165077,02023-11-16
194699.10100000017,194686.38,12.721000000165077,02023-11-17
195973.05100000015,195960.33,12.721000000165077,02023-11-20
192982.62100000016,192969.9,12.721000000165077,02023-11-21
196750.83100000018,196738.11000000002,12.721000000165077,02023-11-22
196791.0610000002,196778.34000000003,12.721000000165077,02023-11-24
198118.65100000016,198105.93,12.721000000165077,02023-11-27
197179.95100000018,197167.23,12.721000000165077,02023-11-28
196227.84100000016,196215.12,12.721000000165077,02023-11-29
195919.41100000017,195906.69,12.721000000165077,02023-11-30
197179.95100000018,197167.23,12.721000000165077,02023-12-01
194243.16100000017,194230.44,12.721000000165077,02023-12-04
196978.80100000015,196966.08,12.721000000165077,02023-12-05
193814.04100000017,193801.32,12.721000000165077,02023-12-06
196978.80100000015,196966.08,12.721000000165077,02023-12-07
197702.94100000014,197690.21999999997,12.721000000165077,02023-12-08
195651.21100000016,195467.68,183.53100000016275,22023-12-11
201734.6610000002,201551.13000000003,183.53100000016275,02023-12-12
205359.30100000015,205175.77,183.53100000016275,02023-12-13
204325.55100000015,204142.02,183.53100000016275,02023-12-14
205730.85100000017,205697.29,33.56100000016275,12023-12-15
207268.54100000017,207234.98,33.56100000016275,02023-12-18
206955.02100000018,206921.46000000002,33.56100000016275,02023-12-19
204127.83100000015,204094.27,33.56100000016275,02023-12-20
207835.60100000014,207802.03999999998,33.56100000016275,02023-12-21
207791.97100000017,207758.41,33.56100000016275,02023-12-22
210569.42100000015,210535.86,33.56100000016275,02023-12-26
212465.22100000017,212431.66,33.56100000016275,02023-12-27
213859.23100000015,213825.66999999998,33.56100000016275,02023-12-28
212663.82100000017,212630.26,33.56100000016275,02023-12-29
200481.59100000016,200303.21000000002,178.38100000015402,12024-01-02
197886.24100000015,197559.39,326.85100000015404,02024-01-03
198351.17100000015,198024.32,326.85100000015404,02024-01-04
201206.79100000014,200879.94,326.85100000015404,02024-01-05
204988.74100000015,0.0,204988.74100000015,02024-01-08
204988.74100000015,0.0,204988.74100000015,02024-01-09
204988.74100000015,0.0,204988.74100000015,02024-01-10
204988.74100000015,0.0,204988.74100000015,02024-01-11
204988.74100000015,0.0,204988.74100000015,02024-01-12
204988.74100000015,204703.08,285.6610000001674,32024-01-16
204776.82100000017,204491.16,285.6610000001674,02024-01-17
206376.56100000016,206090.9,285.6610000001674,02024-01-18
214202.9010000002,213917.24000000002,285.6610000001674,02024-01-19
210444.20100000018,210158.54,285.6610000001674,02024-01-22
210369.70100000012,210084.03999999995,285.6610000001674,02024-01-23
216053.1010000002,215767.44000000003,285.6610000001674,02024-01-24
219158.1810000002,218872.52000000002,285.6610000001674,02024-01-25
217458.70100000015,217438.69999999998,20.00100000016738,12024-01-26
220523.64100000015,220503.63999999998,20.00100000016738,02024-01-29
216767.44100000017,216747.44,20.00100000016738,02024-01-30
212038.92100000018,212018.92,20.00100000016738,02024-01-31
216212.96100000016,216192.96,20.00100000016738,02024-02-01
225669.3410000002,225649.34000000003,20.00100000016738,02024-02-02
223045.88100000014,223025.87999999998,20.00100000016738,02024-02-05
217128.84100000016,217108.84,20.00100000016738,02024-02-06
220055.6210000002,146531.42000000004,73524.20100000016,02024-02-07
219747.56100000016,146223.36,73524.20100000016,02024-02-08
223095.46100000018,149571.26,73524.20100000016,02024-02-09
220397.1210000002,146872.92000000004,73524.20100000016,02024-02-12
217617.58100000015,75477.92000000001,142139.66100000014,02024-02-13
218666.24100000015,76526.58000000002,142139.66100000014,02024-02-14
218140.14100000012,76000.47999999998,142139.66100000014,02024-02-15
218009.40100000013,75601.45999999999,142407.94100000014,02024-02-16
216925.62100000016,216782.27000000002,143.35100000014063,22024-02-20
215257.42100000015,215248.64,8.781000000133645,12024-02-21
218709.41100000014,218674.03,35.381000000139466,12024-02-22
214348.74100000015,214313.36000000002,35.381000000139466,02024-02-23
215564.31100000013,215528.93,35.381000000139466,02024-02-26
216827.43100000013,216792.05,35.381000000139466,02024-02-27
217188.70100000012,217153.31999999998,35.381000000139466,02024-02-28
225218.22100000014,225182.84,35.381000000139466,02024-02-29
231003.35100000014,230967.97,35.381000000139466,02024-03-01
232875.36100000015,232839.98,35.381000000139466,02024-03-04
234906.52100000012,234871.13999999998,35.381000000139466,02024-03-05
238512.87100000016,238477.49000000002,35.381000000139466,02024-03-06
236680.07100000017,236644.69000000003,35.381000000139466,02024-03-07
238802.00100000016,238766.62000000002,35.381000000139466,02024-03-08
233092.65100000013,233057.27,35.381000000139466,02024-03-11
236427.11100000012,236391.72999999998,35.381000000139466,02024-03-12
231715.20100000012,231679.81999999998,35.381000000139466,02024-03-13
228098.21100000013,228062.83,35.381000000139466,02024-03-14
230403.11100000015,230367.73,35.381000000139466,02024-03-15
227934.68100000016,227807.77000000002,126.9110000001383,12024-03-18
226137.50100000013,226010.59,126.9110000001383,02024-03-19
224851.58100000015,224724.67,126.9110000001383,02024-03-20
224876.31100000016,224772.45,103.86100000014994,12024-03-21
224410.02100000018,143811.48000000004,80598.54100000016,02024-03-22
225085.38100000017,144486.84000000003,80598.54100000016,02024-03-25
223951.74100000015,143353.2,80598.54100000016,02024-03-26
225181.86100000015,144583.32,80598.54100000016,02024-03-27
225624.06100000016,145025.52000000002,80598.54100000016,02024-03-28
